,x0,x1,x2,x3,x4,x5,x6,x7,x8,x9,x10,x11,x12,x13,x14,x15,x16,x17,x18,x19,x20,x21,x22,x23,x24,x25,x26,x27,x28,x29,x30,x31,x32,x33,x34,x35,x36,x37,DZNCC,DSSIM,MAE,RMSE,DMI
0,0.9444891411567741,73.18430935938515,-1.794278757217241,1.950569601151334,-1.9846054642293764,-23.2454883184723,-3.010645478127765,-1.5799218483605368,-19.9644970451669,-18.19522683830537,-16.84820660175925,-16.052977403313662,-9.976702519347844,-6.662813428363145,-15.823056866996112,-3.972241922802469,-2.5757388834243606,-12.476068676570359,-0.5305891396470628,-11.805472510641305,1.0741517997988759,-19.294230921034295,-18.284428606061663,-6.61651357722468,1.0509098762634592,1.0595413179775037,0.9946928867509668,0.9208650532469956,1.0537118299386106,0.9903950666273874,1.0328120399999248,0.9491919194236861,0.9038767519304007,1.009106996511986,0.9568074691566906,0.9098180627376032,0.9293939178614371,0.9695009519242175,0.27150621329067315,0.15909135760702564,0.4821952946262911,1.0421251871564778,0.4726693291275047
1,0.9341915229804476,68.91853735857057,-1.084659322474498,1.956990961556616,-1.9829170425576823,9.709823680409992,-3.1127890669889955,-1.5802980668992712,-19.94449801757147,-19.053104055462857,-16.394249698578886,-4.3465017175049345,-9.990972730342046,-6.544582410816717,-15.724152547948917,-6.278368371307604,-2.445808459047577,-12.475048624938088,-1.5622118044037627,-11.846004058007708,1.0741602642424966,-19.834019980996917,-8.28507354421809,-6.752761951231221,1.068653102799149,1.0687771190883186,0.9946928867509668,0.9250948504162192,1.0519294884803683,0.9785556175551441,1.0369558893069182,0.9518491163287415,0.924229292457967,1.0148747711962516,0.9520821871828579,0.9089741616860978,0.9291236042371961,0.9708107154654403,0.2517535590953514,0.16020451612482906,0.4658050320321669,1.0035010125699306,0.4721200871123249
2,0.9390852434731017,68.90431504690515,-1.084658763870805,1.7582550794849068,-1.9829683963234763,9.698666658819484,-3.1127957512717486,-1.5802980668992712,-19.94449801757147,-19.21409022832606,-16.394249698578886,-4.346492577217012,-9.990997011275237,-5.6957707834536535,-15.724152547948917,-6.278368371307604,-2.445808459047577,-12.476068676570359,-1.5622118044037627,-11.33620631587128,1.0741602642424966,-19.834019980996917,-8.28507354421809,-6.752332024800216,1.0516843644203606,1.0687771190883186,0.9946928867509668,0.9251709934330358,1.0550359577348645,0.9785556175551441,1.041042663617331,0.9506915216284832,0.924229292457967,1.0146031851864306,0.9520821871828579,0.9106555392344999,0.9291236042371961,0.9708107154654403,0.2522590100094174,0.15985909364498752,0.46712348165025275,1.004507882557012,0.47210452790531554
3,0.9344293149009187,68.91853735857057,-1.084658763870805,1.7748007126396443,-1.9829194111524877,9.107636127340422,-3.0802824208330835,-1.5802980668992712,-19.94449801757147,-19.053104055462857,-16.394249698578886,-4.3465017175049345,-9.9905237437445,-6.544582410816717,-15.724152547948917,-6.278368371307604,-2.445808459047577,-12.476068676570359,-1.5622118044037627,-11.846004058007708,1.0741602642424966,-19.834019980996917,-8.28507354421809,-6.752761951231221,1.068653102799149,1.0687771190883186,0.9946928867509668,0.9250948504162192,1.0535879450866341,0.9785556175551441,1.0369558893069182,0.9506915216284832,0.924229292457967,1.0148747711962516,0.9520821871828579,0.9106555392344999,0.9291236042371961,0.9708107154654403,0.2526684743320729,0.16009387654344126,0.4660400016071782,1.005322805613908,0.47205734100437025
4,0.8892056926351959,72.87615740819147,-1.7853823347396864,1.8107832702307571,-1.9874629408633475,9.884371135739933,-2.062669792132359,-1.6028651930671405,-19.915732261448447,-12.895781449106753,-10.506009994387446,-4.332882924057629,-9.961176403225755,-6.6040241007250895,-12.811291403537398,-5.8705728722338915,-5.5000296971327325,-16.37170395592413,-6.729851168772241,-11.872730032052488,1.0260599936927441,-5.448222540973156,-17.59296376319184,-11.908984438918363,1.0497042698221841,1.0550962338541128,0.902019169923926,0.9268778083450047,0.9805747947369855,0.9020335407543267,0.9717146993209586,0.9437860106473724,0.9077489082995197,1.022354345783064,0.996121853223334,0.915664692699664,0.9325292689114114,0.9120672743641822,0.24986953909878812,0.1613817600707963,0.45581719609259275,0.9997390667074865,0.4714371717715269
5,0.8682428417779399,77.069269896558,-0.5792549650524306,1.742181175562212,-1.9887401780614946,-15.590182060400728,-19.55296198568624,-1.248975606414745,-19.770549585749535,-17.965758434758325,-11.04589392610044,-4.068136873320804,-9.950868970548964,-1.4337236435145715,-15.692657828557019,-4.790048963378742,-5.1794468126165265,-16.245525028557655,-6.908304673392331,-12.099393307525496,0.003979737281049403,-5.194822159901708,-18.664118722850034,-12.464350827581686,1.0511590325766214,1.0848746250967636,0.995270100057324,0.9172128160982969,1.0234227476563273,0.9027101206900893,0.9707640531442105,0.9891571439308634,0.9159943147166167,1.0094375035260765,1.0571467859179118,0.9128040023020609,0.9242818881721,0.9643923208172709,0.23754795560501835,0.16596937827576713,0.4323424545515208,0.9747778523232399,0.4698661006795759
6,0.8682683974262496,89.39411712589667,-1.7782262639921231,1.7700995924708007,-1.985238865601732,-16.273452877301224,-19.229977645653214,-1.5030694402016163,-19.76981685640877,-18.34118505355397,-16.961680002877596,-17.116562373175206,-9.9818098026625,-1.9094074356229531,-16.28101332680649,-4.345460861650844,-5.170987632762225,-16.891851773771165,-6.907486661085147,-11.608478290537475,0.40736287710085467,-4.729045896994634,-19.663611889153405,-5.874326663284494,1.0531125548460405,0.9938005234120354,0.916677060658026,0.9348863354448439,1.0219794297486817,0.9027140005190589,1.0350158158093703,0.9351667592678592,0.914180463650936,1.004031263612833,0.9598825002047633,0.9151414035600978,0.9370188178233129,0.9697520456428963,0.2458041274236641,0.16361929333818126,0.4397939307590893,0.9915727668660481,0.4699717651361547
7,0.8891733864591448,74.59269718380962,-1.9470932258142684,1.763586456874762,-1.986019130248175,-20.784045425492053,-2.068315921320225,-1.07501265846497,-19.94251610006335,-19.012697365494777,-16.846194403543027,-4.7383370354068175,-9.961670278816326,-0.4957349166454301,-15.906289847201656,-5.85447661036865,-4.897211815975624,-16.044059728355936,-6.731304589804653,-11.86165538019669,0.1098610375391934,-19.631995533201213,-17.3297016725723,-12.74160850866386,1.0526829038253784,1.0706256059170631,0.9007794033701971,1.067073712754298,0.9807171889133188,0.9022674960617457,1.0368929729462053,0.9425848874304287,0.9004087947288679,1.0229626438022525,0.9590760322890275,0.9150012809440744,0.9199846733499036,0.9716469686724184,0.25442129613099707,0.16171334643237734,0.45297740850362933,1.0088038612146353,0.4709359245028195
8,0.8682678338089233,89.4514815273297,-1.8713166981141736,1.9532389209142242,-1.98523989211988,-15.999823957499418,-19.229977645653214,-1.5021272034411812,-19.76981685640877,-18.394469009018543,-16.961680002877596,-17.116562373175206,-9.978459702807099,-1.9094074356229531,-3.899872631229327,-3.026805220341476,-4.8980200970052605,-11.757862079100239,-6.731747105191244,-11.608478290537475,0.24526532410627244,-5.693190841649548,-19.70318862196823,-5.874326663284494,1.0530881564452435,1.003512036948279,0.9186466220683142,0.9119857910388404,1.0244701866365056,0.9021766099836644,0.9716478017638122,0.9340655206093369,0.9022242774929841,0.9927592474465441,0.9591227786727552,0.9151414035600978,0.9370188178233129,0.9697520884875294,0.2474536387737874,0.16325873177054018,0.4419635782391956,0.9948942647633823,0.4700107587351431
9,0.8454031541732216,75.5654706763646,0.8487257170564937,1.9634360185133817,-1.9855027694131582,-19.177415590711078,-1.2782590288830882,-1.1164185803940045,-19.853637070741865,-19.447784244664938,-17.211776912149183,-0.2225134984226309,-9.994809997085067,-1.1515660184076109,-16.404163576688646,-5.8164987844080684,-6.562030723706999,-12.596513468142172,-6.942192214124463,-11.825028803056986,0.25758056398822265,-6.4925969573495,-6.3828704829904135,-4.824067225184891,1.049682686845147,1.0849946138189421,0.900147069433819,1.031990773924293,0.9522405140242486,0.9982627089822038,0.9715538615607257,0.9904825038805051,0.916111004001762,1.0130770321824247,1.0589403262746333,0.9072949028192533,0.924134806688054,0.9651703114234363,0.226585465570724,0.17023252863989363,0.43297307594682855,0.9520199036225822,0.46956707552755517
10,0.8581741516761348,80.62093841667466,0.9150853256747172,1.9449033504690467,-1.9849409770969548,-20.862739894616546,-1.656263128576823,-1.5115070088679348,-19.958185073601783,-18.32393452018417,-10.968680742395335,-4.604621237584684,-9.991140478183167,-1.140600532563024,-16.246181657856564,-1.4192222305433924,-6.5598430793500455,-4.872402469800445,-10.737870717140288,-16.71658862781132,0.1872632115396572,-3.915688714894001,-7.66783104281529,-5.958783166348707,1.0534651974814329,1.0852590207395898,0.9167529374857203,0.9115895548317705,0.9587386967475245,0.9985283946213622,0.9854732273871175,1.0540861204600582,0.9053363081814887,1.0150325088368637,1.060209216452175,0.9093110917787726,0.9238997384059903,0.9692788302536567,0.22866907429474437,0.1688144770091607,0.42750952004405185,0.956387125058003,0.4701389166010541
11,0.8897040071834151,68.69848207949428,-1.9470932258142684,1.7743038957249413,-1.986019130248175,-20.776126950670086,-2.068315921320225,-1.07501265846497,-19.942783164956122,-19.038092603419386,-16.399153461984753,-19.13387550715055,-9.96183702142989,-0.5178662363971362,-15.943679354328177,-5.673186717261166,-5.479734756557399,-16.044059728355936,-9.214374243931793,-11.86165538019669,0.0933881575941005,-19.87057115052959,-8.247871364612873,-12.74160850866386,1.0526827537547307,1.0627204538427957,0.9006376700150238,1.067073712754298,1.0560320348154595,0.9022809036800453,1.0368915363364488,0.9507236446869708,0.9010109245038798,1.0221839610753607,0.9526893274187979,0.9135312668695488,0.9180005423780204,0.9716469686724184,0.25381738663586006,0.16173370583218433,0.452604302783835,1.0076058714925542,0.47099294868511143
12,0.829971314763051,77.93218302306389,0.9744344579636132,1.9522569264811267,-1.9855517660162705,-19.158086894772094,-4.788285304131986,-1.072687330394492,-19.96819374821822,-13.16364662959551,-18.713703422855964,-3.7394155020980118,-9.956066284263237,-0.43581754982564236,-16.486945876162828,-1.5246229304943348,-6.507924688778586,-12.59631843562624,-10.46390327588913,-11.81674516768547,0.07727240002589403,-6.361927293891943,-6.9162573763527835,-5.5508868956687785,1.0500894736991848,1.0851814156059971,0.9001297392768942,0.9012770212263953,0.9192245512087984,0.9851148309772154,0.9807043158262854,1.0701865402243318,0.9079275821340489,0.9955728694820903,0.9589747854820444,0.9073318087839718,0.924407574359822,0.9708091773733014,0.22071663662888413,0.17394182880387804,0.4363635473893704,0.9396098014938936,0.4696315748843427
13,0.829971314763051,101.89116102635239,0.974395700223552,1.9521506129085273,-1.985700222405849,-14.815319119902133,-19.619727682317816,-1.0767425113003006,-19.961252792989924,-18.277668508313134,-19.44784851410936,-10.601478264256858,-9.956118726136896,-0.05512992486651158,-16.464597028040355,-6.178980290597218,-6.506568233935513,-12.59631843562624,-7.061973272127668,-11.783451677250628,0.08608187753171226,-5.746521798370699,-19.509039056568135,-5.347365671180643,1.0694572375358682,1.0850311398642631,0.9022083542653869,0.9118345458491125,0.9250012792150244,0.993744215645006,0.9764889655317882,0.9933582671518958,0.9079020768157543,1.0095655614713248,0.9471146733443612,0.9129958746692949,0.9228792308594718,0.9707561076476009,0.223041678346111,0.17334202645152463,0.4349657036575002,0.9445457884809203,0.46931294413393665
14,0.8299875746127157,79.37566812909495,0.8818084128821471,1.8906040848176757,-1.9889204061172834,-19.144019326560027,-1.5714552840985216,-1.0992224879186971,-19.9475164320365,-18.3158377416289,-16.90183386360644,-4.389135604354628,-9.961956593695316,-0.04669328505527148,-12.784500114914266,-5.897097696809178,-6.503872746922618,-12.53289387117982,-7.0001249943859545,-11.793927858644691,0.08700207111896956,-6.099386248219519,-10.556046555518297,-12.574253907786495,1.0522644763856777,1.0706030822080603,0.9152866197642856,0.9141321989024074,0.9359105824020476,0.9904490934328165,0.9735940176723498,1.0701865402243318,0.915262843732945,1.013375919700564,0.9475673092529261,0.9071568721057485,0.9309906019531272,0.9697694256676032,0.22212772067920072,0.1727109213256109,0.4368497241033065,0.9426085696649852,0.46916994453174243
15,0.8693050681034992,77.069269896558,-0.5792549650524306,1.742181175562212,-1.9887401780614946,-15.590182060400728,-19.55296198568624,-1.248975606414745,-19.960703206241725,-18.0431250179734,-11.04589392610044,-4.068136873320804,-9.950868970548964,-1.4337236435145715,-16.02368636457726,-4.729160268858007,-5.69582118229912,-16.115644595799175,-7.107279876122113,-12.099393307525496,0.003979737281049403,-5.194822159901708,-18.67622600350702,-12.799325803488097,1.0511590325766214,1.087993657881144,1.012758781583223,0.9544127448835927,0.9601028502510135,0.902894092684609,0.9748395471835285,0.989290802215678,0.9160095069019848,1.0094375035260765,1.0546112812506987,0.9128040023020609,0.9241764021051646,0.9643923208172709,0.23793720878097158,0.16603270323579167,0.4324774643660946,0.9755761754973312,0.469823976073412
16,0.829971314763051,77.75282936729755,0.9744344579636132,1.965454377590955,-1.9855517660162705,-19.158086894772094,-1.5867150293553496,-1.072687330394492,-19.942547287449745,-13.16364662959551,-18.71524136286849,-3.7394155020980118,-9.956079063366015,-0.26790634494369825,-16.404163576688646,-1.5246229304943348,-6.507924688778586,-12.59631843562624,-7.0001249943859545,-11.826285801559191,0.08814444386236636,-6.375479583240576,-6.3828704829904135,-5.5508868956687785,1.0500894736991848,1.0852271960829907,0.9001297392768942,0.9226992652211482,0.925009378340838,0.9851148309772154,0.9807043158262854,1.0701865402243318,0.9079275821340489,1.0094632859722943,0.9591393503174133,0.9073318087839718,0.924407574359822,0.9708091773733014,0.2221543530409144,0.17322105406506538,0.4367115903394738,0.9426650757823188,0.4693765565367525
17,0.8300019977449853,77.75282936729755,0.9744344579636132,1.965454377590955,-1.9855517660162705,-19.158086894772094,-1.5867150293553496,-1.07268052891727,-19.942547287449745,-13.16364662959551,-18.71524136286849,-3.7394155020980118,-9.95402199511975,-0.26790634494369825,-16.404163576688646,-1.5246229304943348,-6.507924688778586,-12.59631843562624,-6.9826857324612694,-11.795687452036974,0.08421571159197595,-6.480776208451485,-6.3828704829904135,-12.713015186874388,1.0500795430122603,1.070013075214133,0.9001297392768942,0.9226992652211482,0.925009378340838,0.9851148309772154,0.9807043158262854,1.0699896751982483,0.9079275821340489,1.0094632859722943,0.9591393503174133,0.9093146903190213,0.9243974762365247,0.9708091773733014,0.2221737820958719,0.17317126323137882,0.43661216008660547,0.9427062964309274,0.46937493680277687
18,0.829971314763051,77.71360811190199,0.974395700223552,1.9521506129085273,-1.985650289945614,-18.462785854738957,-0.49189665502553526,-1.07235147562191,-19.960340874558497,-18.263914317028433,-18.88722650700659,-10.601478264256858,-9.956118726136896,-0.05512992486651158,-16.405212021243806,-6.178980290597218,-6.506568233935513,-12.59631843562624,-7.061973272127668,-11.783773185454864,0.08608187753171226,-5.745835231224353,-17.76971215281187,-5.569705416119181,1.053098946926572,1.0850311398642631,0.900613369561186,0.90902605921498,0.9250012792150244,0.9851148309772154,0.9764889655317882,1.0701865402243318,0.9079020768157543,1.0095655614713248,0.9475562514914152,0.9082415087239202,0.924407574359822,0.9707561076476009,0.22389296651139834,0.17245500796506114,0.4372112865756767,0.946346606452463,0.4692932195321252
19,0.8693050681034992,77.069269896558,-0.6396104056422499,1.7312837152360445,-1.9882574599848821,-15.598231210513546,-19.23094227249511,-1.248975606414745,-19.960703206241725,-18.0431250179734,-15.916769605568124,-17.241946982038854,-9.950868970548964,-3.7487890830560078,-16.51793393804127,-4.688664269986133,-5.69582118229912,-16.115644595799175,-6.904894931800578,-11.667050591251602,0.0009987597754234079,-5.139647604449619,-18.523490386607563,-6.816663780835635,1.0499092227624462,1.0808246722687451,1.008037610632359,0.9544127448835927,0.9597786323513833,0.902894092684609,1.0407501950556337,0.930324843986135,0.92123784058125,1.0044366299575866,0.9580506142593544,0.9127437425660734,0.9158208219961119,0.9643923208172709,0.23838382748018772,0.16539068142836005,0.43242065168433474,0.9764913461541832,0.4697143897981735
20,0.8693050681034992,77.069269896558,-0.5792549650524306,1.742181175562212,-1.9887401780614946,-15.590182060400728,-19.55296198568624,-1.248975606414745,-19.960703206241725,-18.0431250179734,-11.04589392610044,-4.068136873320804,-9.950868970548964,-1.4337236435145715,-16.02368636457726,-4.729160268858007,-5.69582118229912,-16.115644595799175,-7.107279876122113,-12.099393307525496,0.003979737281049403,-5.194822159901708,-18.67622600350702,-12.464350827581686,1.0511590325766214,1.0848746250967636,0.995270100057324,0.9544127448835927,0.9601028502510135,0.902894092684609,0.9748395471835285,0.989290802215678,0.9160095069019848,1.0094375035260765,1.0546112812506987,0.9128040023020609,0.9241764021051646,0.9643923208172709,0.23787701909765524,0.16571555935409998,0.43251560882866363,0.9754527745846542,0.46976555642497
21,0.8682678338089233,89.39427861919673,-1.7782262639921231,1.9435826043008768,-1.9852399438085675,-16.273452877301224,-19.229977645653214,-1.5021272034411812,-19.76981685640877,-15.921674269036144,-16.961680002877596,-17.116562373175206,-9.97846057742258,-1.9094074356229531,-3.899872631229327,-3.026805220341476,-5.1839254534832655,-16.111021447840184,-6.902194942505168,-11.608478290537475,0.4000790973166396,-5.693190841649548,-19.70318862196823,-5.874326663284494,1.0530881564452435,1.0035110410332904,0.9186447456212206,0.9272417309504255,1.0219832349699096,0.9021769542080723,0.97127472903919,0.9772423496705664,0.9015676039202916,1.004031263612833,0.9599454948817835,0.9151414035600978,0.9370188178233129,0.9697520456428963,0.2461702861758941,0.1635561446644766,0.4407290952272941,0.9923110334896947,0.46998860228777783
22,0.8682678338089233,89.39427861919673,-1.7782262639921231,1.9435826043008768,-1.9852399438085675,-16.273452877301224,-19.229977645653214,-1.5021272034411812,-19.76981685640877,-15.921674269036144,-16.961680002877596,-17.116562373175206,-9.97846057742258,-1.9094074356229531,-3.899872631229327,-3.026805220341476,-5.1839254534832655,-16.111021447840184,-6.902194942505168,-11.608478290537475,0.4000790973166396,-5.693190841649548,-19.70318862196823,-5.874326663284494,1.0530881564452435,1.0035110410332904,0.9186447456212206,0.9272417309504255,1.0219832349699096,0.9021769542080723,0.97127472903919,1.0026327119021763,0.9015676039202916,1.004031263612833,0.9599454948817835,0.9151414035600978,0.9370188178233129,0.9697520456428963,0.24618225962963647,0.16358238639647332,0.4407247541103919,0.992335165659722,0.46999851623486255
23,0.8682678338089233,82.45588924716907,-1.7782262639921231,1.9677791746603683,-1.985236524333834,-16.002406070731507,-19.229977645653214,-1.5021272034411812,-19.770318280065734,-15.891969780366072,-17.231433251420775,-18.302254764995308,-9.95386812508997,-3.5836096073476957,-3.899872631229327,-3.026805220341476,-5.1839254534832655,-16.251165444095246,-6.93538993913685,-11.622191918101953,0.23599727297027406,-5.693190841649548,-19.6736528141109,-5.585182794296649,1.053574047074651,1.0034574449746247,0.9188355224316973,0.9116875634117165,1.0219794297486817,0.902713997293519,0.9720407626189521,0.9915291439005874,0.9012388642886197,1.0053058257010732,0.9581846212836258,0.9151414035600978,0.9370186203542851,0.9697515618887268,0.2457038586659881,0.1635943807300254,0.4399562859483704,0.9913705043884238,0.46996502651400074
24,0.829971314763051,77.90215587022674,1.0640627354157368,1.9522569264811267,-1.9855612454419826,-19.115947775565008,-4.788285304131986,-1.072687330394492,-19.966628410728834,-13.16364662959551,-18.713703422855964,-3.7394155020980118,-9.961571659435748,-0.43581754982564236,-16.516676914590253,-1.5472914917921923,-6.604104713653545,-12.59631843562624,-10.453800764350618,-11.81674516768547,0.10801762516275615,-6.361927293891943,-7.294969734895126,-5.52731081687209,1.0500894736991848,1.0901203059658673,0.9001297392768942,0.9012770212263953,0.9192245512087984,0.9862195714768905,0.9807043158262854,1.0701865402243318,0.9079275821340489,1.0230416089612575,0.9589747854820444,0.9150952096685766,0.924407574359822,0.9715903532722489,0.22062497095468275,0.1741733951578584,0.436881656943878,0.9394146668631761,0.4696487563743691
25,0.8209103285422679,77.78648094413701,0.9342006440780578,1.7400469684369284,-1.9855510048384155,-19.133982512037345,-2.1762516238527025,-1.0684375796256116,-19.942851292045194,-18.573844392901396,-16.735285491533237,-3.6475288827160073,-9.963037427661737,-0.3880910982036185,-16.409304096534875,-5.583619436232421,-6.499417731522554,-12.626301632279628,-6.811568190242226,-1.2045399839096307,0.061035383587589365,-6.305110929534378,-6.422620395483342,-6.864714786770474,1.050104490359899,1.0869847537910584,0.9002580096798632,0.9227659110186961,1.058430823782557,0.9979688813483479,0.9764399903969301,0.9292047760738559,0.9159087217747612,1.0330817575061255,0.9517972853541422,0.9062701665893377,0.9243595288003954,0.9775322455612652,0.22013063007606987,0.17514992363637183,0.44229244848149507,0.9383616320100808,0.46922969907625933
26,0.8682428417779399,77.069269896558,-0.5792549650524306,1.947372279289364,-1.9887401780614946,-15.590182060400728,-19.39513197622719,-1.2515097058395168,-19.95312209053392,-17.968025044609732,-19.42039405318863,-4.068136873320804,-9.9508449225451,-1.4402346186212451,-15.692657828557019,-4.763501144018876,-5.1794468126165265,-16.084038151527416,-6.908304673392331,-12.104544614177989,0.003979737281049403,-5.055273432263636,-18.664118722850034,-12.464350827581686,1.0511590325766214,1.0996569643311263,0.9152823179610724,0.9172128160982969,0.9926280877181272,0.902557084636378,0.9707640531442105,0.9891571439308634,0.9159943147166167,1.0100633492994386,1.0571467859179118,0.9128040023020609,0.9242818881721,0.9643923208172709,0.23757834139557982,0.16468114016999763,0.43277782137762455,0.9748401943621539,0.46960955896819134
27,0.8514811566069723,89.74477396573207,-0.5792549650524306,1.9539093104671448,-1.985613946825638,-16.085198335746714,-19.265379316486378,-1.2480463917593914,-19.960089727745775,-18.61762765058653,-10.491486394013158,-17.060980509061313,-9.976616119050767,-1.8089254292012167,-3.685144812513766,-3.005811470657516,-5.894098456937344,-16.080854101554177,-5.928065614512975,-12.041579276513618,0.024071320814586322,-5.607439106018933,-19.702310877423496,-5.868391270316508,1.0620817823302646,0.9820302451552281,0.9321493970590037,0.9121974925451521,1.0256604204773705,0.902703271955255,0.970732240222734,1.0026514909431674,0.9161122238650183,1.0040671106129762,0.9603037382963004,0.9079733683227971,0.9370001735398269,0.9698151899415767,0.23178303320325655,0.1667792051237053,0.42546316298952597,0.9628770271867909,0.46914124597763684
28,0.8319568642367502,46.8064612739833,0.8656253091205242,1.951235988812824,-1.9855103917994934,-18.355900095609062,-0.581875506063275,-1.072687330394492,-19.960295786630393,-19.432925395068043,-16.839570580600093,-11.103310685111484,-9.993156313587376,-0.4469726183726197,-16.404163576688646,-2.1389993426333223,-6.495794205914854,-12.59631843562624,-10.545177755772238,-11.79443045353477,0.24194243106356456,-6.487434947943475,-7.089232635961027,-11.879947035492563,1.0499368924552728,1.0697804929588048,0.9006551627869879,0.9087982793816487,0.9312425397844348,0.9917632565283622,0.9807309150764223,1.0701865402243318,0.9006091705681477,1.013061213400434,0.967238821285498,0.910329328895119,0.9178150216111574,1.0878010185456588,0.22128669709486865,0.17301298878832916,0.4336495694151285,0.9408224173266345,0.46939534277593076
29,0.8514811566069723,75.8774277051109,0.7548044536676526,1.9537778896930666,-1.9856105888495608,-16.085198335746714,-19.265379316486378,-1.1167193857145414,-19.956118685165034,-18.58792391380453,-10.761252094089386,-17.720012128670515,-9.99460734850202,-1.1931701998448727,-4.023736049258554,-3.005811470657516,-5.887137764815227,-12.61121315593516,-5.848266000183639,-12.052033523721628,0.014684428776568777,-6.5415735727564055,-19.672775069566168,-4.812198019955749,1.0622725116077387,1.0887886356209666,0.9006190450310343,0.9116860851858785,1.0256604204773705,0.9961216777795591,0.9721202461327441,0.9904873496197932,0.9159830416470821,1.00530676518306,0.9585760495113881,0.9079733683227971,0.9375003334095223,0.9698147061874072,0.22403240852714706,0.17034189572977443,0.4248394181850156,0.9466412562747706,0.4697275692726304
30,0.8584019671919796,76.39952299266048,0.8576761592912233,1.948545962894262,-1.9849791513245354,-20.839862903556494,-0.36408099075433675,-1.0624628521559192,-19.95831019550121,-18.41222820595613,-18.503373192305293,-11.066413651224604,-9.98489982611076,-0.4594521951038244,-16.29289647295996,-2.660641934016638,-6.523475045264313,-4.872402469800445,-10.490201578201399,-12.237005305048317,0.08542121667495146,-3.9128171350674155,-17.3339392662395,-12.78560596680648,1.053515644067812,1.0477487315282021,0.9167529374857203,0.9004930823716343,0.956266652510883,0.9026407431295341,0.9754887475117541,1.0700018610674522,0.9053576298169335,1.0098222400383101,1.0672485568542576,0.9093966038735172,0.9244558692290146,0.9697522555686725,0.22981727767264687,0.16756915472345568,0.42658240100128036,0.9587852454787116,0.4700822700413646
31,0.8682678338089233,89.66644065787348,-1.7782262639921231,1.9679643750106013,-1.9901584958338265,-16.03837559351207,-19.21623088628235,-1.5021272034411812,-19.772812783315285,-16.890970886766944,-16.961680002877596,-17.116562373175206,-9.97783762879307,-1.9094074356229531,-3.899872631229327,-3.026406483900397,-5.02295971717026,-16.251165444095246,-6.907486661085147,-11.608478290537475,0.24488061802921104,-5.692335535045209,-19.70245394577073,-5.874326663284494,1.0530881564452435,1.0034574449746247,0.9188355224316973,0.9121989707709903,1.0216397734328455,0.9027140005190589,0.9706615294721728,0.9917163416388248,0.9013429027635006,1.0040271781260761,0.9599175963743465,0.9151414035600978,0.9370188178233129,0.9697278375095197,0.24657405088975026,0.16338096040176792,0.4411041288245671,0.9931244867371314,0.4699649056797124
32,0.8302110838580812,94.64282029814508,0.5347049239110262,1.9500933877313635,-1.9877930259140255,-19.19786496109259,-0.9434482840812479,-1.0729621896965849,-19.91742492853156,-18.521822165103064,-10.573665569115246,-18.306582603960795,-9.999140298489884,-4.1739342080981885,-3.4864541471392023,-11.106647356275367,-6.503736619033855,-3.446897125475566,-6.039497768697207,-11.911701780801106,0.010467072678296413,-6.037514558129568,-6.274610189552506,-5.918252360114677,1.04997302168988,1.0509939750340835,0.9232570129925435,1.0651249125056699,0.9180513011007699,0.904863873645007,0.9765338151988489,1.0639292150716924,0.9154808454912697,1.0054571408825905,0.9598773006548975,0.9128898529775924,0.9192604786181174,0.9708835670710684,0.22619742127488046,0.17221651858566273,0.4402571291119003,0.9512043521649141,0.46939189966653827
33,0.9390852434731017,68.90431504690515,-1.084658763870805,1.7582550794849068,-1.9868487118409606,9.823424912279977,-3.1127957512717486,-1.5802980668992712,-19.94449801757147,-19.21409022832606,-16.394249698578886,-4.346492577217012,-9.990997011275237,-5.6957707834536535,-15.724152547948917,-6.278368371307604,-2.445808459047577,-12.476068676570359,-1.5622118044037627,-11.33620631587128,1.0741602642424966,-19.834019980996917,-8.28507354421809,-6.752332024800216,1.0516843644203606,1.0687771190883186,0.9946928867509668,0.9251709934330358,1.0550359577348645,0.9785556175551441,1.041042663617331,0.9506915216284832,0.924229292457967,1.0146031851864306,0.9520821871828579,0.9106555392344999,0.9291236042371961,0.9708107154654403,0.2522476471305546,0.15991399705765313,0.4672593458221855,1.0044852585387212,0.4721614600378924
34,0.885199341569059,68.0829844313925,-1.9470932258142684,1.774436439819702,-1.9855793437255278,-20.75191173332849,-0.6204686996781479,-1.07501265846497,-19.942783164956122,-19.044930371404618,-16.399153461984753,-19.160901437622353,-9.96183702142989,-0.44075830520806414,-15.981612547962087,-5.815444542490942,-5.47350769381299,-15.97789113982514,-9.133406835199922,-11.911642581857773,0.0933881575941005,-5.110787291089308,-7.3506217134949745,-12.751368720094542,1.0526827537547307,1.0627204538427957,0.9006376700150238,0.9139761580182052,1.0535385946266438,0.9022809036800453,0.9801585927382379,1.0649564950318133,0.90101254227971,1.0220217362183837,0.9535942036740799,0.9102946760426208,0.9180005423780204,0.971768450502132,0.2533433783119201,0.16195708909892637,0.4516581193398861,1.0066645711072104,0.47088644295901927
35,0.8918638483952981,72.87231906452601,-1.7803000636885895,1.9508667302562712,-1.9861889886358552,-20.73770757355616,-0.33548363751459975,-1.5631297719949042,-19.94393553928629,-15.919557622505659,-10.507899313070267,-5.602505743124815,-9.994542426597016,-6.479721786685523,-12.496810915177422,-3.033273389707329,-5.511285418863979,-16.028044422342468,-6.576625985113874,-11.80681780606403,1.081190649757584,-6.1447232763086435,-19.670701440817922,-12.83911382611625,1.0511383116741158,1.0709515206534401,0.9009892494919323,0.9116854410339511,1.0276548026965813,0.9026921961252431,0.9755264763753899,1.0713655486773845,0.9007938854821349,1.0100100465695254,0.9588205899697555,0.9080737255439784,0.9241798521516449,0.9698631552272816,0.25571562860077546,0.16092888674530148,0.45598620544690366,1.0113666797307637,0.47097295216193735
36,0.8183167618502558,61.8335775002166,1.9645116661253827,1.8794738206649788,-1.9846267016718706,-19.03650332577539,-1.6006940598479262,-0.601149202070998,-19.938542441309906,-19.56799724331667,-17.063988009524458,-4.204907864999285,-9.955818695308766,-1.146692580092673,-15.999820875677157,-5.849867140236367,-6.558138439482578,-12.47613576278659,-7.00060970135072,-11.824721850946172,0.09029007383767303,-6.0210479037600955,-7.131264067179071,-12.35755142422051,1.0511808736205157,1.059273339582912,0.9946582819195672,1.0378706316251365,0.9277440445998337,0.9863892268181206,1.0456133729787584,1.067919436883395,0.9081433270997638,1.009455280430526,1.0568599814593345,0.9098717982894043,0.9241895962024961,0.9676630167016269,0.21866116533740915,0.18306637220479383,0.45217630938505077,0.9352244079130188,0.470873648718922
37,0.8693564938892071,77.069269896558,-0.5792549650524306,1.741856222233459,-1.9887401780614946,-15.590182060400728,-19.55294197901718,-1.248975606414745,-19.961200741303465,-18.27131562198878,-11.04589392610044,-4.068136873320804,-9.950868970548964,-1.4337236435145715,-16.466038057749664,-4.729160268858007,-5.69582118229912,-12.39729286526253,-7.107279876122113,-11.76962126586956,0.002485063291183996,-5.194822159901708,-18.618288254561886,-12.799325803488097,1.0695882907388279,1.0880329334006715,1.012758781583223,0.9544127448835927,1.0237826272899122,0.9003982357911926,0.9748395471835285,0.989290802215678,0.9076177284194291,1.0094373362642388,1.0546112812506987,0.9128040023020609,0.9241764021051646,0.9643923208172709,0.2379975121823844,0.1659686378188101,0.4324187185506861,0.9756997939051262,0.46982631941916775
38,0.8521763428844646,82.96422119299419,1.4643093046540097,1.9532754279093119,-1.9884419330838956,-16.41872051203434,-19.422806257298777,-1.2480463917593914,-19.93609438319216,-18.641645498992297,-12.164118826122438,-4.526955523737413,-9.952063734037797,-3.483127599952636,-1.4486316920683469,-3.005811470657516,-5.894098456937344,-5.059375673702641,-5.9523518132762385,-12.055292904078096,0.014684428776568777,-6.023833509179707,-19.15515136505598,-5.925711536365302,1.0678352964593123,0.9826279136145116,0.9321004115363835,1.0333376707064996,0.9316461710267304,0.9878425344327141,0.9721114733695133,0.9915479229415788,0.9155493866745545,1.0047559639791332,0.9585760495113881,0.9079733683227971,0.9369999760707991,0.9698147061874072,0.22357557896959124,0.17245932828193633,0.42648996144512336,0.9456756049001461,0.4702014114179658
39,0.8581741516761348,80.62093841667466,0.9150853256747172,1.9662147258193636,-1.9849409770969548,-20.862739894616546,-1.656263128576823,-1.5115070088679348,-19.958185073601783,-18.32393452018417,-10.968680742395335,-4.604621237584684,-9.991140478183167,-1.140600532563024,-16.246181657856564,-1.4192222305433924,-6.5598430793500455,-4.872402469800445,-10.737870717140288,-16.71658862781132,0.1872632115396572,-3.915688714894001,-7.66783104281529,-5.958783166348707,1.0534651974814329,1.0852590207395898,0.9167529374857203,0.9115895548317705,0.9587386967475245,0.9985283946213622,0.9854732273871175,1.0540861204600582,0.9053363081814887,1.0150325088368637,1.060209216452175,0.9093110917787726,0.9238997384059903,0.9692788302536567,0.2286715647559282,0.16881198242497314,0.42751278841169377,0.9563923331052119,0.47013313613098207
40,0.867645043586008,77.73265855550785,-0.6139632332243041,1.989757237870671,-1.9856220157846853,-16.223988955757825,-19.311127406493274,-1.111930550112019,-19.960703206241725,-18.056435495286596,-16.939531964903804,-17.205914916334976,-9.950839763260976,-3.8715427195209786,-16.57814769969607,-3.4968464529860173,-6.555124184340313,-16.115644595799175,-6.941597542429447,-12.338793861737377,0.24504257387087663,-6.51411808507392,-18.4742856100143,-5.769652971322493,1.0496836232434128,1.0808246722687451,1.008037610632359,0.9332089101547613,1.0268851380075936,0.9995728277863031,0.9712236174197806,0.9298035548108541,0.9006762787192688,1.004628578109756,0.9580506142593544,0.9125442231950487,0.916768512818327,0.9643923208172709,0.23659455114540257,0.16664870493538259,0.43039422038358394,0.972819738258663,0.4699330987652862
41,0.8892056926351959,72.87615740819147,-1.7853823347396864,1.8107832702307571,-1.9874629408633475,9.884371135739933,-2.062669792132359,-1.6028651930671405,-19.915732261448447,-12.895781449106753,-10.506009994387446,-4.332882924057629,-9.961176403225755,-5.519844937801315,-12.811291403537398,-5.8705728722338915,-5.5000296971327325,-16.37170395592413,-6.729851168772241,-11.872730032052488,1.0260599936927441,-5.448222540973156,-17.59296376319184,-11.908984438918363,1.0497042698221841,1.0550962338541128,0.902019169923926,0.9268778083450047,0.9805747947369855,0.9020335407543267,0.9717146993209586,0.9437860106473724,0.9077489082995197,1.022354345783064,0.996121853223334,0.915664692699664,0.9325292689114114,0.9120672743641822,0.24992137052618557,0.16136856716839926,0.45589614974945475,0.999842751252045,0.47142251695864235
42,0.8687751566005272,89.66644065787348,-1.7782262639921231,1.9679643750106013,-1.9901584958338265,-16.086640483708635,-19.266331959042443,-1.303198492113817,-19.77336572879256,-18.609580332844768,-16.961680002877596,-17.112573533360507,-9.97662140649473,-1.9094074356229531,-3.900846729490512,-3.0067274625139038,-5.9016199953642134,-16.083028615199158,-6.907486661085147,-11.596140797548037,0.01658217857590137,-5.692335535045209,-19.70245394577073,-6.079384994627107,1.0530881564452435,1.004432241522946,0.9316798137139436,0.9121974497695209,1.0256232227996918,0.9027140005190589,0.9706615294721728,1.0023451001391332,0.9013429027635006,1.0040271781260761,0.9599175963743465,0.9151414035600978,0.9370188178233129,0.9697274675388726,0.24708841857831182,0.1633063713240297,0.4414793339845268,0.9941598046124589,0.46998767529385943
43,0.8850900801843999,68.0829844313925,-1.9470932258142684,1.9727412705070002,-1.9855793437255278,-20.75191173332849,-0.5552576499429314,-1.075560127926084,-19.94280737727395,-19.044930371404618,-16.399153461984753,-19.160901437622353,-9.96116374378097,-0.44075830520806414,-12.730326455012355,-5.868333287869327,-5.47350769381299,-15.97789113982514,-6.713730312978014,-11.872233716224446,0.9702792951251342,-5.072919684161521,-7.3506217134949745,-11.892949838215877,1.0526843674935191,1.0627204538427957,0.9006376700150238,0.9273079556872698,1.0586051744096088,0.9022809036800453,0.946644184969422,1.0649564950318133,0.9008067220474569,1.0220217362183837,0.9535942036740799,0.9102312564777045,0.9180005423780204,0.971768450502132,0.25326945193326605,0.16175462924528483,0.4518086209570699,1.006517686494803,0.4708870238231664
44,0.9411267776893327,73.18430935938515,-1.794278757217241,1.950569601151334,-1.9855016453307062,-23.148706076011877,-3.010645478127765,-1.0767869353277777,-19.9644970451669,-18.19522683830537,-16.88001318760334,-16.052977403313662,-9.976702519347844,-6.662813428363145,-16.435320883431235,-3.972241922802469,-2.310467331008896,-12.476068676570359,-0.410657856018509,-11.805086682898763,1.0741517997988759,-19.294230921034295,-18.354517551795116,-6.61651357722468,1.0509098762634592,1.0595413179775037,0.9946928867509668,0.9208650532469956,1.0537118299386106,0.9903950666273874,1.0328120399999248,0.9491919194236861,0.9038767519304007,1.009106996511986,0.9568074691566906,0.9098180627376032,0.9293939178614371,0.9695009519242175,0.27029044667532526,0.15925818039699613,0.48032694186432556,1.0397893242178744,0.47257319932497777
45,0.8462785393722383,89.31259398388092,-0.6056283597049346,1.968266111803345,-1.9852305800330325,-16.055103669823627,-19.545974795143746,-1.4124157861783353,-19.76735829034293,-15.921674269036144,-18.53781588325248,-17.906721892973827,-9.97842051016776,-1.1350555646839946,-3.899872631229327,-3.067976790167603,-5.1839254534832655,-12.78001998674897,-6.895069010365997,-11.824451278972093,0.0972354722578979,-5.693190841649548,-7.703357716811855,-6.570562989975141,1.0537991182800117,1.0034574449746247,0.9287504372066588,1.0661885545385172,1.0173333535730673,0.9027140005190589,0.9807620469213925,1.0015547509275027,0.9013429027635006,1.0040271781260761,0.9563775613372365,0.9149502261525744,0.937011402042035,0.9769700874377002,0.2308509315973527,0.16844620682037126,0.4297043649398185,0.9609390005720263,0.46938042975184624
46,0.8528223275484818,77.10244949290322,-0.7726247881651507,1.9510047115551614,-1.9846680575297215,-18.97651243760925,-2.208841839708567,-1.2479598055634513,-19.903605749266166,-18.619752807122925,-10.20433333246687,-0.2972663792030197,-9.961978573685334,-0.5602399485759189,-4.97045439179576,-3.0022311133391715,-5.868370447560597,-16.227395279545288,-2.7678665900774684,-12.477145693151513,0.09577077772493836,-4.537899784491427,-8.193766712136693,-11.624164409527722,1.0541845347962173,0.9805646114879784,0.93138245608614,1.0238334703629823,0.9364114998459714,0.9052230482472473,0.9721114733695133,1.0707746372629157,0.9155949076829518,1.0008976457111163,0.9585755727308872,0.9139825251497982,0.9228901567854155,0.953092969949104,0.2365951027522502,0.1663644644218208,0.4319648224555356,0.9728208722221556,0.46931848016613786
47,0.829971314763051,77.93218302306389,0.9744344579636132,1.9522569264811267,-1.9855517660162705,-19.158086894772094,-4.845834856051348,-1.0534254258763227,-19.966472455537303,-13.16364662959551,-17.007495173816775,-3.7394155020980118,-9.956066284263237,-0.43581754982564236,-16.486945876162828,-1.5246229304943348,-6.507924688778586,-12.59631843562624,-10.46390327588913,-9.992148795003446,0.07727240002589403,-6.361927293891943,-6.9162573763527835,-5.5508868956687785,1.0500329666816304,1.0851814156059971,0.9001297392768942,0.9012770212263953,0.9192245512087984,0.9852196173982647,0.9738300520995498,1.0725114398247053,0.9165773714739881,0.9963007680594885,1.0514415401528727,0.9073318087839718,0.924396030015762,0.9708091773733014,0.22066647849360715,0.17397897341857232,0.43682449421562863,0.9395030316549268,0.4696089104497523
48,0.8893149540198548,72.87615740819147,-1.7853823347396864,1.7721998231167257,-1.9874629408633475,9.884371135739933,-2.1278891819329835,-1.6023177236060688,-19.915708049130615,-12.895781449106753,-10.506009994387446,-4.332882924057629,-9.961849680874673,-6.6040241007250895,-16.06257749618609,-5.817684126855506,-5.5000296971327325,-16.37170395592413,-9.149527690994153,-11.912138897685814,0.1498692913843862,-5.486090147900944,-17.59296376319184,-12.76740332079703,1.0497026560833957,1.0550962338541128,0.902019169923926,0.9135460106856572,0.9755081768412373,0.9008946708829797,0.9717146993209586,0.9437860106473724,0.9079618393241915,1.022354345783064,0.996121853223334,0.9157281122645822,0.9325292689114114,0.9120672743641822,0.2498701049721337,0.16133900352903602,0.45600321468781846,0.9997401987537744,0.4714877896678078
49,0.8581243193015002,75.8774277051109,0.706296208794799,1.9448223667169675,-1.9856105888495608,-16.085198335746714,-19.265379316486378,-1.5231556186497577,-19.956118685165034,-18.581136464273836,-10.75821019788607,-3.965487359910343,-9.994495233347404,-1.1931701998448727,-4.023736049258554,-1.4258271185298343,-5.887137764815227,-12.61121315593516,-5.848266000183639,-12.052033523721628,0.014684428776568777,-6.557597440289969,-7.717788536930114,-4.812198019955749,1.0622725116077387,1.0887886356209666,0.9006190450310343,0.9116860851858785,1.0256604204773705,0.9983194630321142,0.9849674228152909,0.9907420010668898,0.9057806707140312,1.0149393569616105,1.0586723860814964,0.9079733683227971,0.922166761085272,0.9697952819542187,0.2265257026491752,0.16922332709443882,0.4232275851404829,0.9518943457815328,0.46985346672090145
50,0.8682683974262496,89.39411712589667,-1.7772262505726735,1.7803407312099295,-1.985238865601732,-16.273452877301224,-19.215320609511597,-1.5030694402016163,-19.956107196811036,-15.624081358099764,-16.962625303971787,-17.116562373175206,-9.9818098026625,-1.964207115873715,-16.28101332680649,-5.903772145960031,-4.9058116867530845,-16.012912243112694,-6.907486661085147,-11.796915626824957,0.40736287710085467,-4.729045896994634,-19.558994550163977,-12.964516017011016,1.0526976535031627,0.9986567916397481,0.916677060658026,0.9336757894912117,1.0247213431846598,0.9022551182774193,1.0350158158093703,0.9393976806660098,0.914180463650936,1.004031263612833,0.9598825002047633,0.9151298830483672,0.9372218936928299,0.9697520456428963,0.24581690811143664,0.16367165828198932,0.43981380156385924,0.9915985451503082,0.469912519663913
51,0.8680892319861783,82.96422119299419,-0.5283205924550965,1.9531999584783575,-1.9855338261019175,-16.463018177773677,-19.265379316486378,-1.1176035717600135,-19.93609354522744,-18.548023024267888,-17.746758127248228,-4.642783154491337,-9.952063734037797,-4.186261435154755,-3.685144812513766,-3.442591563175094,-5.1279858669799765,-16.080854101554177,-6.250038903257043,-12.09556177770456,0.015449335187173271,-6.015493470265784,-19.672775069566168,-5.984471774361223,1.062567672959672,1.0713620424139032,0.9029862323062465,0.9212880432592634,1.0318069715145985,0.9878425344327141,0.9721114733695133,0.9915479229415788,0.914695462484601,1.005155728744305,0.9585979240628185,0.907178249980666,0.9369999760707991,0.9699444707142026,0.23660140690591847,0.16573241882814949,0.4316155471967336,0.9728338327991288,0.4698904024827105
52,0.9344293149009187,68.8415457812792,-1.0712565401020155,1.7748007126396443,-1.9829371636072772,9.107636127340422,-3.080316175686932,-1.579924615388034,-19.98426046127175,-18.182369636262717,-16.394201760072097,-17.591519059693486,-9.9905237437445,-0.2385653759875792,-15.724152547948917,-6.118443896045775,-2.5467620674157287,-12.476068676570359,-1.5622118044037627,-11.846004058007708,1.07415140200069,-19.842727881089814,-18.239368103993744,-6.752761951231221,1.0676660729103455,1.0687786458161603,0.9946928867509668,0.9280070177724377,1.0537033526307442,0.9905506663937943,1.0367465968912022,0.9492763651315779,0.924229292457967,1.0148747711962516,0.9564938673427041,0.9098518278326586,0.9291236042371961,0.9708246834642972,0.253007699024761,0.16002109964022232,0.46657178806268274,1.0059974365659825,0.4720301463382066
53,0.9429469422347643,73.18430935938515,-1.794278757217241,1.950569601151334,-1.9855016453307062,-23.148706076011877,-3.010645478127765,-1.0767869353277777,-19.9644970451669,-18.19522683830537,-16.88001318760334,-16.052977403313662,-9.976702519347844,-6.662813428363145,-16.435320883431235,-3.972241922802469,-2.310467331008896,-12.476068676570359,-0.410657856018509,-11.805086682898763,1.0741517997988759,-19.294230921034295,-18.520812706480037,-6.61651357722468,1.0509098762634592,1.0595413179775037,0.9946928867509668,0.9208650532469956,1.0537118299386106,0.9903950666273874,1.0328120399999248,0.9491919194236861,0.9038767519304007,1.009106996511986,0.9568074691566906,0.9098180627376032,0.9293939178614371,0.9695009519242175,0.27100995790540905,0.15913711541452286,0.48139801959054984,1.041172360348966,0.47261715925830383
54,0.8221005838880393,77.7826086515863,0.9420891028492824,1.953686355602906,-1.9855593118385504,-18.331795712874317,-2.1762516238527025,-1.069292472658011,-19.961133629477644,-18.573882281038625,-16.84989577925931,-0.3812551372963471,-9.962879233190941,-0.40328242350618615,-15.837539424343987,-3.002455076202698,-6.499417731522554,-3.855719189853567,-10.356620951626313,-1.2045399839096307,0.061035383587589365,-6.305110929534378,-7.128982548453956,-6.758466972705304,1.050104490359899,1.087328259346233,0.9023174658210849,0.92301968067455,1.026915766895736,0.9917516902381897,0.9805508269110682,0.9292047760738559,0.9149497473573862,1.0304118540863834,0.9586831446181246,0.9126755454520953,0.9178813708713768,1.0950740006092803,0.22074797470842394,0.1737438169870562,0.43964095642909007,0.9396765033941927,0.46873348876805676
55,0.8892056926351959,72.87615740819147,-0.9901609742877779,1.8085673492161651,-1.9874629408633475,9.884371135739933,-2.064882819000104,-1.6028651930671405,-19.963250412215555,-12.895781449106753,-10.54344931963944,-4.332882924057629,-9.961176403225755,-5.519844937801315,-12.339414835514573,-3.9905138663368884,-5.506221590153084,-16.37170395592413,-6.729851168772241,-11.872730032052488,1.0260599936927441,-5.392251814765554,-17.837917634120224,-11.070473864288791,1.0497042698221841,1.08620759637011,0.9043863173691642,0.9098711265743391,0.9289122560856069,0.9020224605053351,0.970114059467454,0.9384222708686827,0.9077489082995197,1.0226496865264911,0.996121853223334,0.915664692699664,0.9325292689114114,0.9073677628069143,0.2480960167746259,0.16184700991105,0.4547802307142462,0.996184777754846,0.47145885565893586
56,0.8893149540198548,72.87615740819147,-1.7853823347396864,1.7721998231167257,-1.9874629408633475,9.884371135739933,-2.1278891819329835,-1.6023177236060688,-19.915708049130615,-12.895781449106753,-10.506009994387446,-4.332882924057629,-9.961849680874673,-6.6040241007250895,-16.06257749618609,-5.817684126855506,-5.5000296971327325,-16.37170395592413,-9.149527690994153,-11.912138897685814,0.1498692913843862,-5.486090147900944,-17.59296376319184,-12.76740332079703,1.0497026560833957,1.0550962338541128,0.902019169923926,0.9135460106856572,0.9755081768412373,0.9008946708829797,0.9882258784135419,0.9437860106473724,0.9079618393241915,1.022354345783064,0.996121853223334,0.9157281122645822,0.9325292689114114,0.9120672743641822,0.2499036010834526,0.1613751794270688,0.45585797779304094,0.9998072061369827,0.47146500278185877
57,0.8894037841556334,77.08091187578222,-0.6396104056422499,1.8738948158743263,-1.9881753482630393,-16.051436963888133,-19.23094227249511,-1.2381290779563479,-19.960688263303727,-18.0431250179734,-16.502779142586277,-17.241946982038854,-9.95135120339496,-3.82591219412988,-16.258004171496403,-4.2146334527684965,-5.69582118229912,-12.24851779096886,-5.988702380793285,-11.678647460098981,0.19720616293689874,-5.139647604449619,-18.523490386607563,-6.816663780835635,1.0510276341817797,1.0808246722687451,0.986151605275897,0.9102327492313982,0.9598606899262452,0.904329626221464,1.041256034201442,0.9304862612710129,0.9210664496826891,1.0044366299575866,0.9575265258904775,0.9127447058452544,0.9164322304662516,0.9641585286892294,0.247307028711635,0.16264075854467802,0.4465156704961378,0.9945994961290187,0.4706293798022513
58,0.8302260867184368,86.47253971569236,-0.6078079207394858,1.739757245085939,-1.985700222405849,-14.815319119902133,-19.55535403815075,-1.2575294366676415,-19.960755257928184,-18.049477904297756,-19.35043024046957,-10.757512787410647,-9.956118726136896,-0.05512992486651158,-16.012385111245045,-6.195522872823572,-7.061785540002631,-16.314670161232243,-7.05760551438946,-12.107198710856956,0.08864115692662425,-5.215562583780478,-19.542543593082904,-5.238872883856929,1.0510279793736341,1.0848359316391285,0.9061990316000981,0.9172458444600197,0.9600555720904642,1.0022194845047796,0.9764889655317882,0.9890796408821576,0.9162938553186456,1.009443973518028,1.0558750795144365,0.9128065814219014,0.9228792308594718,0.9644737833102789,0.22649994118870598,0.170777285634078,0.4367272052361892,0.9518402172586785,0.4688585621914375
59,0.9330851497191059,68.90431504690515,-1.084658763870805,1.7582550794849068,-1.9868487118409606,9.823424912279977,-3.1127957512717486,-1.5802980668992712,-19.94449801757147,-19.21409022832606,-16.394249698578886,-4.346492577217012,-9.990997011275237,-5.6957707834536535,-15.724152547948917,-6.278368371307604,-2.445808459047577,-12.476068676570359,-1.5622118044037627,-11.33620631587128,1.0741602642424966,-19.834019980996917,-8.28507354421809,-6.752332024800216,1.0516843644203606,1.0687771190883186,0.9946928867509668,0.9251709934330358,1.0550359577348645,0.9785556175551441,1.041042663617331,0.9506915216284832,0.924229292457967,1.0146031851864306,0.9520821871828579,0.9106555392344999,0.9291236042371961,0.9708107154654403,0.25135644037961763,0.16024423508038194,0.46528884669716,1.0027092336335008,0.47208862474428737
60,0.8313654031179925,77.10244949290322,-0.5792549650524306,1.951167166709155,-1.9876319120530614,-18.97651243760925,-2.208841839708567,-1.0733366060282816,-19.9052410116962,-18.527891360602943,-16.82682878534417,-0.3940630355507295,-9.992096460606518,-0.767203935467986,-5.0756219727427005,-3.01456541805129,-5.9559249317725325,-11.79673437331408,-10.487597397611891,-12.543764748770833,0.015648088625140888,-4.28212477281652,-7.091357701487551,-9.653390551084623,1.0496840310073579,1.0517992481509213,0.9021665762853297,0.9116880494296595,1.0268099131575086,0.9052562412695055,0.9721114733695133,1.070184969381094,0.9146938162457241,1.0094181758114043,0.9670783145608028,0.9128847726180079,0.9230243296937741,0.9532227344758996,0.22858424486383394,0.16954498949461544,0.4367045396490255,0.956209712744908,0.46890080635628817
61,0.8679047184065881,80.90412400086599,-0.5792549650524306,1.9539093104671448,-1.9855714039172219,-16.085198335746714,-19.265379316486378,-1.2480463917593914,-19.960089727745775,-18.61762765058653,-10.491486394013158,-17.39676990653436,-9.976616119050767,-1.8089254292012167,-3.933091671351363,-3.005811470657516,-5.894098456937344,-16.080854101554177,-6.013381531129792,-12.041579276513618,0.024071320814586322,-5.607439106018933,-19.326844674634636,-5.8461712369269465,1.0531558581803782,1.0037013514128226,0.9321493970590037,0.9121974925451521,1.0256604204773705,0.902703271955255,0.968606994397607,0.9982574381573854,0.9161328589247363,1.0030037770994076,0.9586671306744973,0.9067162525412745,0.9272736016744815,0.9698156710931715,0.23762831020962744,0.16439161742745123,0.4327421160121823,0.9749427059269286,0.4695188519196061
62,0.8302260867184368,101.89116102635239,-0.6078079207394858,1.762393615435476,-1.985700222405849,-14.815319119902133,-19.91202786313307,-1.2572900773862732,-19.960888761284053,-18.049477904297756,-19.35043024046957,-10.757512787410647,-9.96160183442216,-0.0859932311786489,-16.024418757964302,-6.195522872823572,-7.061785540002631,-16.314670161232243,-7.061916989045375,-12.107198710856956,0.08864115692662425,-5.215562583780478,-19.542543593082904,-5.238872883856929,1.0527138453861462,1.0848359316391285,0.9061990316000981,1.0662560018394933,0.9600555720904642,0.9056625191242125,0.978360545680008,0.9890796408821576,0.9158503338035648,1.009443973518028,1.0558750795144365,0.9127384934080901,0.9228834782238143,0.9644737833102789,0.22873949599989268,0.16995969134274147,0.43665321805970825,0.9565343795301666,0.46869001137856114
63,0.8183156705981549,103.0670631339104,-0.4927299088031165,1.6383340155151533,-1.9846033047964593,-14.815319119902133,-19.555334031481692,-1.2575294366676415,-19.961399455389728,-19.52549637111874,-17.10331263987829,-10.757512787410647,-9.956118726136896,-0.05512992486651158,-16.45473680441745,-6.195522872823572,-7.061785540002631,-12.593851594952143,-7.058042868928294,-13.513016096163987,0.08608187753171226,-5.215562583780478,-6.896923438466011,-5.206230904237624,1.0694572375358682,1.0837955896861065,0.9061990316000981,0.9172458444600197,1.0237353490883785,0.993744215645006,0.9764889655317882,0.9890796408821576,0.9079020768157543,1.0094431948395686,1.0558750795144365,0.9131112537956425,0.9241713276205543,0.9675770050552391,0.22569662978703042,0.17274117975721948,0.4430543526037169,0.9501508054982993,0.4686594116671148
64,0.8462785393722383,89.31259398388092,-0.6056283597049346,1.968266111803345,-1.9852305800330325,-16.055103669823627,-19.545974795143746,-1.4124157861783353,-19.94555867419645,-19.669855978019477,-18.53781588325248,-17.906721892973827,-9.937271649390729,-1.1350555646839946,-3.899872631229327,-3.088067917053123,-5.1839254534832655,-12.78001998674897,-6.406809623530297,-11.824450509392468,0.0972354722578979,-5.693190841649548,-7.703357716811855,-6.570562989975141,1.0537991182800117,1.0034574449746247,0.9285986666836837,1.0661885545385172,1.01687840059638,0.9937280297979306,0.9815159658072794,1.0720031882657035,0.9013797152155916,1.0040271781260761,0.961356192657439,0.9077326154485036,0.9376400031770493,0.9690738400015904,0.23012182501017903,0.16917376810128687,0.431813404779909,0.9594203125449539,0.46956184271355506
65,0.8693050681034992,77.85591996721953,-0.6044145007630568,1.742181175562212,-1.9887401780614946,-15.590182060400728,-19.55296198568624,-1.0626782453210988,-19.960703206241725,-18.56814907502443,-11.04589392610044,-4.057275135759641,-9.963114039854569,-1.4337236435145715,-16.424195848094026,-4.729160268858007,-5.69582118229912,-16.115644595799175,-7.107279876122113,-11.905310582714897,0.003979737281049403,-5.194822159901708,-18.813140887570157,-12.799325803488097,1.050080944635646,1.087993657881144,1.0125151267728387,0.9544127448835927,0.9568212729261406,0.9881749804872215,0.9748395471835285,0.9263549438764846,0.9160095069019848,1.0094375035260765,1.0502971472788118,0.9121787350030124,0.9286063647617434,1.0996103638047048,0.23768257342439486,0.16647701927674402,0.4310942302281386,0.9750540151872175,0.46973870985456856
66,0.8815265502910634,77.73265855550785,-0.6622493480069009,1.990848384804772,-1.9849473652317438,-16.223975995175696,-19.311127406493274,-1.1870009321091266,-19.960703206241725,-18.056435495286596,-16.939531964903804,-17.205914916334976,-9.950839763260976,-1.1789742398929788,-16.57814769969607,-1.3273554532095297,-6.55988973756448,-16.193943558889615,-6.500381158565766,-12.338793861737377,0.18798858564112791,-4.173903912223866,-7.418291737094982,-5.769652971322493,1.0534740668571543,1.0807576458288113,0.9116055959067787,0.9320400334592307,0.9608278909545773,0.9995728277863031,0.9712236174197806,0.9298035548108541,0.9006762787192688,1.0043542910982366,0.9580506142593544,0.9091669679512817,0.916768512818327,0.9643923208172709,0.24259788771706842,0.16333415295114423,0.43958768901807566,0.985084560728536,0.47023031188136255
67,0.8894832054721232,73.14643823629203,-1.0274255384467255,1.7521008276799332,-1.987608206344778,9.678796037946356,-0.30604222349838395,-1.5799300831283174,-19.943666138086044,-18.381121086458283,-10.570579725443093,-3.759127111340339,-9.938800479232812,-6.6395240649735054,-12.40465077957563,-3.9060092470694685,-5.039222795200809,-12.557555594225539,-5.608317479803603,-11.873426510663482,1.0837232624006417,-5.41412843306468,-19.599175039804067,-12.79206919805652,1.0508847078198176,1.0532406078649992,0.9008176980619902,0.9093426341049717,1.0555136150464461,0.9020219036708512,1.0391148871461022,0.9849106291281174,0.9008319165783075,1.0094779197711528,0.9596382730391515,0.9137394396039011,0.9225857537383194,0.9698238102334558,0.24833242439431585,0.16193891135109678,0.45445849610109257,0.9966592908122676,0.4714241940140632
68,0.8462785393722383,89.31259398388092,-0.6056160856543936,1.7350718773029834,-1.9852305800330325,-14.802763777389767,-19.545974795143746,-1.4137510601711198,-19.76735829034293,-15.921674269036144,-18.564847135703317,-17.906721892973827,-9.955100020942632,-1.1350555646839946,-3.7405261658461066,-6.270525978448001,-5.1839254534832655,-12.78001998674897,-6.893235179488834,-11.824451278972093,0.0969121955331777,-5.693190841649548,-7.703357716811855,-6.619365678925883,1.053140339369512,1.085887746611557,0.9287504372066588,0.9045452530787081,1.0173333535730673,0.9027140005190589,0.9807620469213925,1.0013691926045893,0.9077481471686388,1.0040271781260761,1.057428595595915,0.9149887771037697,0.9232917138399777,0.9769852290619339,0.23223523035014315,0.16713546387151662,0.4284787110849182,0.9638158320620169,0.46889495217981747
69,0.869280630042797,79.08289328099889,-0.5053007136732623,1.9531883647698796,-1.984064113552257,-15.610176092526132,-19.307407877330636,-1.243057548851846,-19.765700047803232,-17.623379021518545,-15.925901751371056,-4.343679999965714,-9.95089972617238,-0.7121628598084473,-4.174405291804535,-3.7540406719455492,-5.700988387918088,-11.730358881693407,-6.957519245407504,-12.02576995840452,0.05144263050668016,-7.324278224110952,-19.672775069566168,-5.866058875603797,1.062719147065854,1.0043684528598014,0.9314548330815218,0.9038951785623807,1.0244185993845927,0.9029734767562513,0.9703498376153769,1.0564097282877005,0.9148563134341421,0.991619947837722,0.9581158595109422,0.9157592091643578,0.9361810202855139,0.969734136448352,0.23854857793038298,0.16431909855440402,0.43403334862998366,0.976828721457172,0.46959933488660166
70,0.8345635183053496,76.03305955059561,-0.6087059419167811,1.7398427103426972,-1.9859728897481852,-14.814454655451227,-19.55498663395654,-0.5295558555945343,-19.960755257928184,-18.539475732500847,-19.696540971660582,-10.757512787410647,-9.956118726136896,-0.05512992486651158,-16.863795137123464,-6.2179286056351115,-6.988760298167687,-16.31188399644407,-7.05760551438946,-11.906051829655365,0.08786329262296683,-5.215031395479142,-19.552683643144974,-12.777270771064254,1.0500362729264021,1.0516233437849318,0.9061403757491628,0.9172458444600197,0.9600555720904642,0.9829330181857635,0.9721440883288002,0.9884873703506589,0.9160067027746758,1.009443919675715,1.0502750612527612,0.9117041203806604,0.9228349345709943,0.9616526491621028,0.22625262505941285,0.16985471966047766,0.4336972248399642,0.9513204164221107,0.4689919319242575
71,0.8762215239528034,73.66075750005969,0.9676413183027267,1.9670393477092887,-1.9855713723511668,-16.039018759928712,-19.09341488306676,-1.516856188027531,-19.956089366719095,-18.394469009018543,-16.957026537136784,-10.701386915768218,-9.978586378165271,-1.9315457843230899,-3.9348832660795807,-3.2597880666954,-5.480543037587036,-12.261787492275616,-6.294604712379092,-12.012181213276367,0.2362021665052324,-4.276916309086076,-6.459629757446421,-5.274076249930704,1.0531124108504135,1.0034590338447311,0.9198858391656479,1.0623873160119603,0.937002169671721,0.9027270639129504,1.0334245681507752,0.9340655206093369,0.9148152821556867,1.0029852581347742,0.9585808543942995,0.9067251973785515,0.9264000130435225,0.9697891604462024,0.23310714645191366,0.166752198489314,0.4343964150700355,0.9656234376350745,0.4706114208418798
72,0.8236713631636035,77.50071824634244,0.9342006440780578,1.9332691846361498,-1.985239778411318,-19.133982512037345,-2.137391897481388,-1.0632969727385566,-19.75926805050014,-18.391640828759215,-16.77530321137576,-15.80521139700642,-9.963037427661737,-0.5256022202214223,-3.9889650057016226,-5.583619436232421,-6.506216583404041,-12.50161207562217,-6.814564132063744,-11.879969355375092,0.061035383587589365,-6.305110929534378,-7.709232745157306,-5.8975842931213975,1.050104490359899,1.0869847537910584,0.9187255095031795,0.9227659110186961,1.058430823782557,0.9979688813483479,0.9764399903969301,0.9292047760738559,0.9162835755231455,1.0330817575061255,0.9517972853541422,0.9152131932996277,0.9231855884963002,0.978033727100585,0.22039371766822496,0.17460688754818915,0.44087611565630486,0.9389222028037492,0.4692659885571937
73,0.8584019671919796,76.39952299266048,0.9559919216677029,1.948545962894262,-1.9849791513245354,-20.839862903556494,-0.628446705236394,-1.0486487243016267,-19.95831019550121,-18.251008539188895,-18.503373192305293,-11.066413651224604,-9.98489982611076,-1.1414710736841935,-16.29289647295996,-2.659744241757135,-6.523475045264313,-4.872402469800445,-6.423596263971522,-12.237005305048317,0.08542121667495146,-5.700376401032788,-7.150177297099261,-12.78560596680648,1.0535179922071485,1.047970329304601,0.9166794796559689,1.0635287922641956,0.956266652510883,0.9908524410127475,0.9817116833840585,1.0719448358890615,0.9053576298169335,1.0040664684779597,1.0700126814652058,0.9093966038735172,0.9244558692290146,0.9697122258146215,0.22884826736426445,0.16888084506941786,0.42821478621612763,0.9567617808388831,0.47010372558489466
74,0.8554039257943926,73.45706470560775,0.9748147192823522,1.9626302078855313,-1.9844838636168567,-16.067972831192247,-19.238809435658222,-1.11828978523425,-19.944459587874444,-19.58084816251469,-11.165606501340875,-18.358213504638865,-9.979631092783771,-1.0642504375801671,-16.30422424345384,-5.748801186148121,-6.618456022769136,-12.628130070448105,-6.373171210971655,-11.824721850946172,0.15440026631233808,-6.094469338148798,-6.239218154360028,-5.80314533446365,1.0537567258129883,1.0692715068303589,0.9093073136746481,0.9203493242879951,0.9269449730579197,1.000692341342403,1.0355395940293688,0.9319592346742048,0.9051941423824468,1.004077347481472,1.06163382649256,0.907983716163315,0.924149702470481,0.9691871866509294,0.22404457302514902,0.16984717789856846,0.42338948683386135,0.9466669562955888,0.46984524146603135
75,0.818622677412769,77.71360811190199,0.9727805977365461,1.9521506129085273,-1.9856970515818357,-18.389108664312698,-1.8379494513308696,-1.0730544320866027,-19.960340874558497,-19.59459021383956,-18.88935034591921,-10.601478264256858,-9.95610931021246,-1.2410216335527398,-16.4662243943422,-6.191292077405395,-6.5065361715234395,-4.479379392727405,-7.061973272127668,-11.783440472003374,0.2498736810622202,-5.745838235433201,-19.492201637339036,-5.569705416119181,1.0527336597470833,1.0850311398642631,0.9007410142477305,1.02720831430025,0.9116943384949239,0.985287459720286,0.9764889655317882,1.0701865402243318,0.9079020768157543,1.0095655614713248,0.9471109464359228,0.9081990543780539,0.9241201567612075,0.9707561076476009,0.2202167842509406,0.1745227403311994,0.44157476091837394,0.9385452407744165,0.46875565552244725
76,0.8584019671919796,76.4042822468003,0.8576761592912233,1.9485159617552608,-1.9849791513245354,-20.87357880587489,-0.9176282174336574,-1.0624628521559192,-19.95831019550121,-18.41222820595613,-18.489997282579207,-11.102597113768887,-9.98489982611076,-3.412733260855573,-16.29289647295996,-2.6916510272165084,-6.523475045264313,-4.626956408779029,-10.490201578201399,-12.237005305048317,0.01457409448735783,-3.9128171350674155,-17.34971304577288,-12.78560596680648,1.0535149223850837,1.0477487315282021,0.91659494064272,0.9004930823716343,0.955104580650723,0.9026407431295341,0.9721398815465784,1.0700018610674522,0.9050491730293431,1.0098222400383101,1.0672485568542576,0.9080221257578763,0.9243309454835837,0.9697522555686725,0.22948088838653413,0.16783420148243255,0.4263344719822186,0.9580832895433447,0.4701670782864973
77,0.8682428417779399,76.51159883970196,-0.5794296039235524,1.947372279289364,-1.9887401780614946,-15.620309475064731,-19.39513197622719,-1.2515097058395168,-19.960818508010888,-17.968025044609732,-19.42039405318863,-4.068136873320804,-9.961535014515675,-1.424609003720744,-15.727771171696512,-4.763501144018876,-5.1794468126165265,-16.084038151527416,-6.908304673392331,-12.104544614177989,0.003979737281049403,-5.056998058150921,-18.664118722850034,-13.14018144831935,1.0527532140938984,1.0996569643311263,0.9152823179610724,0.9172128160982969,0.9625808811806745,0.902557084636378,0.9710662609228455,0.9891571439308634,0.9159876051870391,1.0100633492994386,1.0571467859179118,0.9127365349327387,0.9243511909859038,0.9644771178963674,0.2374722030141645,0.16473023620250743,0.4326919879014226,0.9746224145722964,0.46961201515068984
78,0.8462785393722383,89.31259398388092,-0.6056160856543936,1.7350718773029834,-1.9852305800330325,-14.802763777389767,-19.545974795143746,-1.4137510601711198,-19.76735829034293,-15.921674269036144,-18.564847135703317,-17.906721892973827,-9.955100020942632,-1.1350555646839946,-3.7405261658461066,-6.270525978448001,-5.1839254534832655,-12.78001998674897,-6.893235179488834,-11.824451278972093,0.0969121955331777,-5.693190841649548,-7.703357716811855,-6.619365678925883,1.053140339369512,1.0997523090793093,0.9287504372066588,0.9045452530787081,1.0173333535730673,0.9027140005190589,0.9807620469213925,1.0013691926045893,0.9077481471686388,1.0040271781260761,1.057428595595915,0.9149887771037697,0.9232917138399777,0.9769852290619339,0.23223086117912772,0.1671417167170987,0.42853859413350437,0.9638067656134455,0.46888322887260836
79,0.9429469422347643,73.18430935938515,-1.651711537800694,1.9505813108253194,-1.9855016453307062,-23.148706076011877,-3.010645478127765,-1.077355853458544,-19.967804156565364,-18.57632379800358,-18.69329607292086,-15.7098635246804,-9.95750610479285,-0.6303476632140734,-16.435320883431235,-3.916060286722432,-2.310467331008896,-12.476068676570359,-0.410657856018509,-11.805096930479872,1.0741517997988759,-19.294230921034295,-18.360367124647233,-6.678693422128217,1.0509098762634592,1.0595413179775037,0.9952268480738286,0.9209435987223675,0.9198004278725411,0.9852817113503005,1.0328120399999248,0.9487427279103146,0.9038767519304007,0.9779810535278634,0.9568561852661431,0.9099054959161328,0.9247411683761043,0.9695009519242175,0.2709198864551049,0.15910217716003494,0.48197339113559334,1.0409993266854594,0.47263794740178133
80,0.8655067991875605,89.73724422512427,-1.8713166981141736,1.7600086614014967,-1.9855511185469772,-15.999823957499418,-19.201838984994374,-1.507267810328242,-19.953389576928448,-18.576672573160728,-16.921662283035072,-4.958480111605708,-9.978459702807099,-1.7719229224953579,-16.32015877021745,-3.026805220341476,-4.891221245123705,-11.882551635757697,-6.728751163369726,-0.9538227660962848,0.24526532410627244,-5.693190841649548,-18.32188989328104,-6.84145715693357,1.0530881564452435,1.003512036948279,0.9004102051072783,0.9119857910388404,1.0244701866365056,0.9021766099836644,0.9716478017638122,0.9340655206093369,0.9018585500111267,0.9927592474465441,0.9591227786727552,0.9061983770182277,0.9381927581274819,0.9692506069482096,0.24574161750101708,0.16368498162070044,0.4398055625116694,0.9914466764712645,0.46987380662217815
81,0.8897040071834151,68.69848207949428,-1.9470932258142684,1.7743038957249413,-1.986199540922787,-20.776126950670086,-2.0574758827500967,-1.0619670050494552,-19.958380158822937,-19.105031018623933,-11.838727818018587,-19.13387550715055,-9.96182385633835,-0.5178662363971362,-16.211361113732295,-3.124717216864237,-5.5064445649897635,-16.04324728623188,-9.214374243931793,-11.86165538019669,1.0808773558890743,-6.1776705804617915,-19.17462309411141,-12.74160850866386,1.0508624689232478,1.0623404120086775,0.9177470198215854,0.9132159504024672,0.957812245712736,0.901130080798483,1.036942706044752,0.9574681650744437,0.900795732232115,1.010853043133348,0.9526893274187979,0.9134825069687494,0.9181806449816008,0.971643571798694,0.2539120057976205,0.1610662449161539,0.4529786713699532,1.007793663897216,0.4708596810093405
82,0.8462785393722383,89.31259398388092,-0.7039442141134793,1.968266111803345,-1.9852305800330325,-16.055103669823627,-19.310627762629007,-1.4262299140326284,-19.94555867419645,-19.828931159733596,-18.53781588325248,-17.906721892973827,-9.937271649390729,-0.4530367058645055,-3.899872631229327,-3.088965609312625,-5.1839254534832655,-12.78001998674897,-10.473414937768677,-11.824450509392468,0.0972354722578979,-3.9056315756842443,-17.88561094851417,-6.570562989975141,1.0537967701406752,1.0032358471946539,0.9286721245135614,0.906125184025623,1.01687840059638,0.9061168674152769,0.9752930299349751,1.070060213444094,0.9013797152155916,1.0097829496864266,0.958589336078762,0.9077326154485036,0.9376400031770493,0.9691138697556415,0.23102417664994884,0.16755854607053872,0.4275628140189214,0.961299507469272,0.46925892459778284
83,0.8897463872547335,77.069035580368,-0.6074199704964112,1.8075198712764846,-1.9856304332698858,-15.590182060400728,-19.39513197622719,-1.2667878401254542,-19.95312209053392,-19.61683661913835,-10.614644034413491,-4.068136873320804,-9.961440218777767,-1.4402346186212451,-15.797649866608376,-4.746865250639975,-5.157949681520601,-16.139235712733996,-6.908304673392331,-11.87919420050773,0.251426136669647,-5.071830284361912,-18.663952373768016,-12.440153396700193,1.052422639478681,1.084516677125329,0.9229152554152767,0.9180048655257163,0.9815355722533157,0.9048824609407983,0.9707640531442105,0.9891571439308634,0.916838800258985,1.0229657093144489,1.0581635605641795,0.9128040023020609,0.9242097844694581,0.9629580983870987,0.24769257928160165,0.16212180330814102,0.4479402228225957,0.9953744823705064,0.4706085967071988
84,0.8345635183053496,77.8873631043609,-0.6087059419167811,1.7398427103426972,-1.9859728897481852,-14.908519016849612,-19.55498663395654,-0.5755402222192144,-19.960755257928184,-18.57469971387243,-19.696540971660582,-10.757512787410647,-9.95611633412928,-0.05512992486651158,-16.006701708159145,-5.899767099808189,-7.032169073203934,-12.499211589154948,-7.05760551438946,-11.822795446667444,0.08786329262296683,-6.061004607063302,-19.826929188426504,-12.787518979724304,1.0498873123531682,1.0516233437849318,0.9045829188006173,0.9172458444600197,0.9292046022590954,0.9829330181857635,0.9721440883288002,0.988237360501533,0.9086186741094417,1.009443919675715,1.0502750612527612,0.9117041203806604,0.9228349345709943,0.962332628998521,0.2265750390744588,0.16985679169135087,0.43348560294044314,0.9519979994217492,0.4690235007648723
85,0.888426971621171,74.6572032052974,-0.8368972548465531,1.8613035951023202,-1.9855861838421005,-20.71255330760882,-4.8032815557083195,-1.5482985607324675,-19.98762417442426,-18.34659376264937,-16.845249102448836,-4.7383370354068175,-9.962105815867785,-0.4358041486977321,-15.892727022369842,-1.3005464802043305,-5.162387761984766,-12.236710343538055,-10.496144355769292,-11.620543687210217,0.1098610375391934,-6.948950171077268,-18.43871128855513,-5.6514192084829045,1.049755420659423,1.0844268801280248,0.9001548087457071,1.0682827868519797,0.9215141917377312,0.9031703749797437,1.0380657875731174,0.9852642407079124,0.9004087947288679,1.0229636033855554,0.9589690071727973,0.9151013995729537,0.9255026145128858,0.9653425535953845,0.2466995711854399,0.16217910457337165,0.4458414433718423,0.9933772332650317,0.4706306932532489
86,0.830934238989783,77.75282936729755,1.205259029452151,1.965454377590955,-1.9845994060156815,-19.40485499581141,-5.871152501199236,-1.3064276916489783,-19.961434127922832,-19.53885030025521,-17.021139358588727,-4.225239703123255,-9.956081906913504,-0.26790634494369825,-16.431075620365235,-6.272851924338975,-6.507924688778586,-12.592266459990533,-7.0001249943859545,-11.826285801559191,0.08814444386236636,-6.375479583240576,-6.3828704829904135,-5.547903734332789,1.050085051432333,1.0853178993965147,0.9003082853517324,0.9226992652211482,1.0127351145620023,0.9848581911234808,0.9809415351112232,0.9863731583085333,0.908007365450794,1.009441827603132,0.9605352502368071,0.9073318087839718,0.9241889887563556,0.9708157705861615,0.21996464511384034,0.1749116626174863,0.4371443401148613,0.9380077893236539,0.46987603065650285
87,0.8514811566069723,82.80178683286465,-0.5792549650524306,1.9539393116061463,-1.9856105888495608,-16.051482433428315,-18.798625685796544,-1.2480463917593914,-19.960602906285015,-18.58792391380453,-10.773981636968957,-18.210297862086357,-9.952063734037797,-0.5304939522001633,-3.685144812513766,-2.974802377457646,-5.894098456937344,-16.326212260784644,-5.955968892564677,-12.055292904078096,0.08553628681121633,-5.607439106018933,-19.65630222171205,-5.579247401328663,1.0625683946424003,0.9820302451552281,0.9323073939060503,0.9116860851858785,1.0268224928452974,0.9027032687297151,0.9754603393346891,0.9915479229415788,0.9162915082910953,1.0242084779164187,0.9585760495113881,0.909347846438438,0.9371248998162329,0.9698147061874072,0.2315389393871527,0.1668820752929031,0.42571977411087397,0.9623698842821707,0.46922746982023134
88,0.8302260867184368,102.4488320832086,-0.607633281868364,1.762393615435476,-1.985700222405849,-14.785191705238132,-19.91202786313307,-1.2572900773862732,-19.95319234380709,-18.049477904297756,-19.35043024046957,-10.757512787410647,-9.98106826688014,-0.10478192745269876,-15.98930541482481,-6.195522872823572,-7.061785540002631,-16.314670161232243,-7.061916989045375,-12.107198710856956,0.08864115692662425,-5.213837957893194,-19.542543593082904,-4.563044594772267,1.051119663868869,1.0848359316391285,0.9061990316000981,1.0662560018394933,0.9901027786279246,0.9056625191242125,0.978058337901373,0.9890796408821576,0.9158570433331424,1.009443973518028,1.0558750795144365,0.9128059607774125,0.9228141754100107,0.9643889862311825,0.22894253845073814,0.16999079495339298,0.43689467198808696,0.9569588230949625,0.46867321670546314
89,0.9336849558706581,68.9042126139625,-1.0846587884384762,1.7616297516813173,-1.9869536586786682,9.842106345539566,-3.11279546946044,-1.5802980668992712,-19.94449801757147,-19.053104055462857,-16.394249698578886,-4.346492403259552,-9.990972730342046,-5.692396259296873,-15.724152547948917,-6.278368371307604,-2.445808459047577,-12.475048624938088,-1.5622118044037627,-11.33959528192441,1.0741602642424966,-19.834019980996917,-8.28507354421809,-6.752761951231221,1.068653102799149,1.0687771190883186,0.9946928867509668,0.9250948504162192,1.055122829451128,0.9785556175551441,1.0411317995886542,0.9506410438223191,0.924229292457967,1.0146294168624217,0.9520821871828579,0.9105640925255679,0.9291236042371961,0.9708107154654403,0.2515292328746211,0.16024321997233992,0.4655749814396093,1.0030538257120405,0.47211092713041425
90,0.8462785393722383,89.31259398388092,-0.6056283597049346,1.968266111803345,-1.9852305800330325,-16.055103669823627,-19.545974795143746,-1.4124157861783353,-19.94555867419645,-19.669855978019477,-18.53781588325248,-17.906721892973827,-9.937271649390729,-1.1761541888800244,-3.899872631229327,-3.088067917053123,-5.1839254534832655,-12.78001998674897,-6.406809623530297,-11.824450509392468,0.0972354722578979,-5.693190841649548,-7.703357716811855,-6.570562989975141,1.0537991182800117,1.0034574449746247,0.9285986666836837,1.0661885545385172,1.01687840059638,0.9937280297979306,0.9815159658072794,1.0720031882657035,0.9013797152155916,1.0040271781260761,0.961356192657439,0.9077326154485036,0.9376400031770493,0.9690738400015904,0.23012233654562214,0.16917608676116747,0.4318196559832349,0.9594213788871678,0.469561202800166
91,0.85228230576263,77.92854312878156,1.9248650602465607,1.880862748798777,-1.9856105888495608,-15.911091979364073,-19.265379316486378,-1.1167193857145414,-19.956532710833013,-19.568435520695395,-10.537377819240575,-17.720012128670515,-9.99460734850202,-1.1943414432068997,-15.638806097725595,-4.576953105203593,-5.887137764815227,-12.61121315593516,-5.848266000183639,-12.052033523721628,0.09187678501703825,-6.539663453217662,-19.672775069566168,-13.140824921761192,1.0622725116077387,1.0887886356209666,0.9006190450310343,0.9264774440127838,0.930992073133236,0.9962342639519457,1.0405993962518045,0.9911426065385659,0.9159830416470821,1.00530676518306,1.0620515342999777,0.9079733683227971,0.9375003334095223,0.9624463127743671,0.2224061096812434,0.17370865492619936,0.42695573772410605,0.9431990628381974,0.4706894263546507
92,0.818622677412769,77.71360811190199,1.9084167723005778,1.9521506129085273,-1.985584006126698,-18.389591419975915,-1.8379494513308696,-1.0730544320866027,-19.960340874558497,-19.571947617945295,-18.858223527287254,-10.601478264256858,-9.956103699621648,-1.149833625645091,-15.999067755470413,-6.191292077405395,-6.558446409997182,-4.479379392727405,-7.061973272127668,-11.783440472003374,0.2498736810622202,-6.020983042201749,-19.492201637339036,-5.569705416119181,1.0527534252286035,1.0849605364144363,0.9007410142477305,1.02720831430025,0.9250012792150244,0.9842754977942293,0.975812976066129,1.0701865402243318,0.9079020768157543,1.0094594959940262,0.9471109464359228,0.908219809170834,0.9241201567612075,0.9707561076476009,0.2191790116102827,0.1772928662220244,0.44393463033722635,0.9363311797829529,0.46948913159396577
