,x0,x1,x2,x3,x4,x5,x6,x7,x8,x9,x10,x11,x12,x13,x14,x15,x16,x17,x18,x19,x20,x21,x22,x23,x24,x25,x26,x27,x28,x29,x30,x31,x32,x33,x34,x35,x36,x37,NZNCC,NSSIM,MAE,RMSE,NMI
0,0.8109414642801757,463.9004644824163,-19.99977943041867,-6.344356066738005,-13.60016264690723,-9.995798816797068,-0.03132642493974598,-9.99081025447777,-0.5092238180400883,-1.1069380898852739,-19.824830382763317,-3.885127319010156,-1.4196719451906732,-19.952817735742777,-15.23467073247378,-11.614615178810897,5.665171269136729,-12.470920875175217,-1.138903444756408,-2.5403295855247996,9.652501323955928,-13.97629600265469,-0.4001920954841566,-0.052800008431393736,0.9002979605395134,0.9246711082748326,0.9000540422644147,0.9000273690356649,0.9157942994079844,0.9001336185657405,0.9018809224158894,0.9000208161876887,1.0012490233259101,0.9473219717732785,0.9191604152287778,1.0178869894443403,1.061745836207654,1.0984377538058683,-0.6628285382908121,-0.602568354546642,0.4333232797053863,0.82118395005319,-1.0771078117747803
1,0.8105896210064426,998.5562092975086,-19.999869176640267,-6.341654495739117,-13.748063318712166,-9.997541550848423,-0.031543909024893596,-9.998720208305206,-3.8641908524451614,-19.996591643669152,-19.844685637877575,-19.795204221621095,-1.6259787013439118,-19.953407144516408,-19.9697280462753,-13.920766242076086,5.738420599738516,-11.441343817644906,-1.0185538628037012,-1.4572709012630232,9.833914113023052,-10.670027653085226,-0.4174018415875479,-0.023518847373907442,0.9034011680581304,0.945757853787794,0.9000196852493223,0.9004374881557586,0.9296804181416362,0.9000164375231051,0.9000429400505164,0.9028742794438845,0.9973351430400174,0.9078848205124321,0.9509754701086846,1.0986351360635647,1.0864449516696915,1.0985459794758292,-0.6586069835309145,-0.6117509425839579,0.433446845809395,0.8263087735447118,-1.0797629286387407
2,0.8470810097265556,972.8701847216922,-19.994765829582988,-5.706960562385435,-11.652773767648274,4.394117820714481,-5.321571359225934,-1.3757436899433162,-2.920510961950183,-19.99898149361571,-19.94384575876472,-19.772653626426035,-3.3710994228569113,-19.569548282423106,-19.84765071741269,-9.160710208359086,6.835493257358971,-5.0990193243359885,-0.9914133591001162,-1.5293242567493954,9.839363754713172,-11.824911456408241,-0.49049409789345677,-0.05832352175098651,0.9053493802721869,0.9484043167801572,0.9001340180635166,0.901181818347497,0.9302893208310825,0.9000864102153017,0.9003041456644675,0.901146879264982,1.0059487263385363,0.9549692824282777,0.9611684920264214,1.0529897320406638,1.0619923888768676,1.0982982937635455,-0.6154472191081413,-0.6174141791296325,0.4739597112930938,0.876986726508696,-1.0718937777917257
3,0.8455588408394972,978.8803905155269,-19.994538405017693,-5.604860446769817,-11.584544204366697,9.590216417300393,-5.174812598511218,-0.6246720320249746,-4.0833062870862555,-19.961897377635296,-19.952566191551284,-19.85671552052721,-3.6950019198892488,-19.900300020892477,-19.8514699443857,-14.140114034099156,6.654694850752068,-5.112474552179658,-0.9985685717154723,-3.0946082111018476,9.338044212795696,-12.573998573824179,-0.4826355097614762,-0.13589826243264094,0.9268901874469518,0.9374488779317807,0.9000137847985252,0.9018389229294048,0.9124609871362599,0.9001081758049194,0.9006917663240009,0.901272791400907,1.0023279519269832,0.9404117174286657,0.9524953351494648,1.0556035975165476,1.062205298368131,1.0979762038074659,-0.5922280785641025,-0.6221471500291387,0.48251390343511863,0.9030747475679554,-1.0739639722741492
4,0.7984884657357457,479.0015452886274,-19.999836477882653,-6.067535235984396,-13.653836257666676,-9.995879566551094,-0.02918405352010567,-9.944865144777072,-3.2074890632945365,-4.704653882073773,-16.39144446487256,-6.44557617980724,-1.1561147370008196,-19.964140922222942,-14.963133910411091,-14.379303914036683,5.530661298674801,-11.546246330074624,-1.0104893923550715,-0.5261483700621896,9.131785011789828,-13.35804517548323,-0.033917512638261156,-0.06710037887537938,0.9005543573175786,0.945304894759993,0.9000763639742468,0.9002257946889116,0.9282956127143951,0.9001151658279789,0.9002598556192314,0.9006500054202413,0.9973863269676255,0.9223851189865336,0.9338969861581821,1.099513084701378,1.0685894151251494,1.0964677145568005,-0.6596657416292334,-0.5994082164369043,0.42979205192704883,0.8250264681098436,-1.0768703336245018
5,0.8471789993217903,990.7082780834528,-19.993674343023777,-5.441870217465266,-11.68902542340206,9.91784522813282,-0.04542236684355583,-0.1804183807681043,-4.294376570237992,-19.989011016932263,-19.981243392020502,-19.812548165381692,-3.4969917926748986,-19.504826057554187,-19.869577418215044,-14.869033566172394,6.655015890977988,-5.146390481670188,-0.9736978860538787,-1.4574157372920322,9.83490311452876,-11.844285832472417,-0.11934735015233565,-0.09512569438385005,0.9046643268538316,0.9510440832366341,0.9000500771034425,0.9018346118276328,0.9328134990216647,0.9000680572387927,0.9006787146177181,0.901217209899674,1.0022641935157641,0.9594504601971099,0.9438327399028116,1.05619507821422,1.0614467098187508,1.0894502702510966,-0.5930651691708283,-0.6230539641871045,0.4817022511258091,0.902147337458478,-1.0736301746036157
6,0.8471843333419418,984.4350345559313,-19.998935384440053,-5.705141923158108,-11.655845567229488,3.4160252101249404,-7.488028482410147,-0.09023554129931433,-4.327807227433736,-19.988861577384665,-19.969351419961985,-19.618450196633724,-3.372126219726292,-19.821480875644603,-19.713270540996376,-11.54929077718801,5.446644741373023,-10.783014102352722,-0.9985685717154723,-2.10014465157835,9.820861982048717,-11.904727362201637,-0.04684303543825624,-0.02266589182917493,0.9051375347923398,0.9482494576712294,0.9001030300163826,0.9004273856417158,0.9509723092584611,0.9000230122089506,0.9007426219024647,0.9012319274561527,1.0024824411602251,0.949748925158214,0.9301002968314924,1.0488708839129959,1.0618223025781799,1.0894394475453044,-0.6163291038378725,-0.6173270709896048,0.47359060571100003,0.8759805642968564,-1.0719705346474084
7,0.8490457594213491,995.0430229578158,-19.999886322881974,-6.35091725477028,-11.840012323763535,-9.994057980713313,-0.4560547650622697,-9.946317793634703,-5.229940325452192,-19.961057670010472,-19.961292864651096,-19.789125866402955,-3.4856758508103645,-19.95463595040178,-19.49434201645493,-14.760798068565833,6.611475875317904,-6.246175241771534,-0.8833445244496099,-1.4579801684813234,9.74060973077266,-13.922206520802447,-0.14280889336188185,-0.022702337664708847,0.90181546019193,0.9451632718882002,0.9000350649044505,0.900054356391943,0.9309732098915581,0.9000976099199348,0.913082500571398,0.9028166052366293,1.0051497007553225,0.9583677364798454,0.9433523276627624,1.0583905092929695,1.064028534898402,1.0979692026747896,-0.6481353587585013,-0.6171152446888097,0.44948565150074643,0.8388858319934677,-1.0768264384958262
8,0.8284959842946381,996.3102079670164,-19.999651329301255,-5.632678021494471,-11.950301873586177,6.14319513986076,-0.01768690342324411,-0.13345445947023096,-3.951407278167881,-19.66447474369807,-19.927603886411497,-19.574174797760936,-2.9403018639665803,-19.98124741070171,-19.972378041825458,-13.916554017167703,6.654194911260972,-5.112688699467615,-1.0359473026716735,-1.49027482642496,9.82130876860962,-10.732829012136698,-0.4173250254172878,-1.6559647652279716,0.900066884678419,0.922503175624244,0.900025690848087,0.9000469802108463,0.9290135928990885,0.9000083369220252,0.9000079984800282,0.9007176341740984,0.99853678432557,0.9408492350906423,0.9226021839272103,1.0983201350296428,1.0864818747692402,1.0985887038301896,-0.6117561922190817,-0.6171948610391522,0.4687401973018214,0.8811854356503712,-1.0732155780582238
9,0.8490457594213491,999.3198587392092,-19.99988626368439,-6.351455515949404,-11.848669600186476,-9.994079401755357,-0.45677457985374814,-9.946317793634703,-5.229940325452192,-19.961057670010472,-19.961292864651096,-19.784665292276713,-3.4856573786445524,-19.95463595040178,-19.49434201645493,-14.760798068565833,6.611475875317904,-6.246175241771534,-0.8833445244496099,-1.4579801684813234,9.74060973077266,-13.922206520802447,-0.14280889336188185,-0.022702337664708847,0.90181546019193,0.9304071872824917,0.900035058504344,0.900054356391943,0.9309732098915581,0.9000976099199348,0.913082500571398,0.902788905306811,1.0051497007553225,0.9583677364798454,0.9433523276627624,1.0583905092929695,1.064028534898402,1.073452833774643,-0.6481396320674915,-0.6171300411537194,0.4495511163377386,0.8388807379500269,-1.0768209677944633
10,0.8026971633890272,420.1048025225022,-19.99960997660155,-6.104571155163316,-13.645378094039938,-9.995867179201314,-0.49410982441025736,-9.990629112547408,0.8099617317106941,-4.986723879339977,-16.39217771225045,-4.266145828506696,-1.418023323467309,-19.954044262114387,-16.545068888349984,-11.76570213518885,5.687159525998215,-10.79469221943221,-1.1265366902346103,-3.191342053051886,9.829274110641636,-14.396677688737086,-1.0617068990358547,-0.10081388623055905,0.9008246041940701,0.9237848033825129,0.900471882475527,0.9056500511259532,0.9230715444209275,0.9000106089891655,0.9019082972113258,0.9015211229820925,0.9970042299449793,0.9076435452842784,0.9327071229370443,1.0988555946868859,1.0612058692720656,1.0971070047745706,-0.6610752571835772,-0.5994215781055585,0.43117309652411895,0.8233162466542594,-1.0765513546147185
11,0.8284985081396247,977.5728743615354,-19.993650366940678,-5.632764182100738,-11.950245736125519,9.633539870512765,-4.228931034161974,-0.13634120575785968,-3.962538392698258,-19.96243762894205,-19.94411248182851,-18.44457645313227,-2.9405395998936976,-19.96676389612011,-19.878777155807025,-12.928585846403706,6.654096729533329,-5.1127085061789606,-0.8941656562783722,-2.1149453811657257,9.336340431194422,-10.035445014364683,-0.4172904683139242,-0.10473337672784111,0.9000639918277693,0.924651503269994,0.9000485020660502,0.9000437090851989,0.9520844954872056,0.9000259778961122,0.9002432340431377,0.9007125988442877,0.9988014970698206,0.9404242586528935,0.9268731606568401,1.098100925144158,1.06166468912581,1.099251321511212,-0.5948557635704755,-0.6207408911140813,0.47639081534107325,0.9001603353971116,-1.0749814783440348
12,0.8419718532028563,997.9982156349961,-19.993614838646817,-5.7352432862978455,-11.933415049131726,-9.993697734712361,-0.030195623589723605,-9.957861892109149,-2.870164174144772,-19.999952883776217,-19.880152389159853,-19.759712251558504,-3.3710955022175835,-19.96596914839582,-19.77856288463088,-14.613202565984675,6.665434759196852,-4.945295090760752,-1.8891609028179517,-2.1622772226910847,9.822370049819009,-12.062994298916683,-0.5062442349630388,-0.09854491249777371,0.9046504993291644,0.9482408950933985,0.9000023467391578,0.9004176878539382,0.9303534019493788,0.900101387114331,0.9003187641305,0.9030527030408277,0.9996819759623208,0.9547858917749517,0.9223788545401931,1.0554601799999854,1.0537741335367803,1.09916859415706,-0.6522904723650983,-0.6161951604520118,0.44481199570028424,0.8339179886760674,-1.0777799876247862
13,0.8194324035700529,998.4088459973144,-19.99982379027679,-6.067525072664115,-13.647029369702267,-9.995867870702552,-0.026556344823397155,-9.942124202079563,-1.3514844784123659,-6.72408993802127,-19.605413697464034,-19.444521209503172,-1.6257898448960393,-19.975227562917887,-19.870111367267224,-13.78518128949672,5.515833574797068,-11.61279221174202,-1.0032194361022855,-0.3003169798829408,9.567494685551889,-13.895790292494983,-0.35218718579734437,-0.07862513612219821,0.901643707842252,0.9467172846251352,0.9000351994936945,0.9000162478852936,0.9158523360213247,0.9001151286757255,0.9002587686099764,0.901418802939899,0.9973863366710144,0.9236014687969434,0.9136585230000908,1.041533170756768,1.0613739503445045,1.097351454104164,-0.6603894375614373,-0.6094304725643325,0.4364510509002398,0.8241488222978177,-1.0779864961249987
14,0.8490054641934035,999.505692842247,-19.999596500273725,-6.351455515949404,-11.848669600186476,-9.99398890859355,-0.45677457985374814,-9.94726408718996,-5.227535864489377,-19.999146177595495,-19.96523224336114,-19.784746867691634,-3.139478689214813,-19.95688373513925,-19.851644184682947,-14.767944099655361,6.647287585691573,-6.246175241771534,-0.8833445244496099,-1.5004133452554371,9.739120683546693,-13.922206520802447,-0.13176089372905675,-0.022702337664708847,0.90181546019193,0.9304071872824917,0.900035058504344,0.900054356391943,0.930983136811248,0.9000976099199348,0.9134748889580542,0.9027916792610731,1.0051497007553225,0.9497220842491572,0.9505023043431515,1.0583905092929695,1.064028534898402,1.073452833774643,-0.6483623342641218,-0.6168651176153324,0.44946980402451064,0.8386152205411601,-1.0768397271151122
15,0.8278461916342388,978.2539608755751,-19.99967910651796,-6.338669484885321,-11.964771223197975,-9.988669146077557,-0.4389383307714024,-9.967121060140608,-3.37254623024583,-19.962606515471034,-18.30781082230632,-19.851323874407193,-2.92644362748857,-19.926570128042716,-19.84681200837263,-13.856867224519641,6.654492898729949,-6.192320361472777,-0.9049983430065734,-1.3175953776700853,9.712220290625716,-10.978860893050435,-0.4776768857165134,-0.1211808781358058,0.9011703688206459,0.9465383286899055,0.9000129955899983,0.9033313627299934,0.9231548700658502,0.9000200375622215,0.9002566826663286,0.9004865732732531,1.0029992417585558,0.9244769148543868,0.9229665207978305,1.099475074294855,1.0616162738638693,1.0698364461478054,-0.6566081641068555,-0.6138470730093306,0.438223583621625,0.8287242172160418,-1.0789870876440595
16,0.8311687929377436,995.2965016006418,-19.99585366555204,-6.308801464438272,-11.547301941270382,-9.960375636859702,-0.11721521287892246,-9.879178960331899,-4.964681658324148,-19.99948306916652,-19.974356258543306,-18.533266892654197,-2.938712444726398,-19.928552025153763,-19.835575719910526,-13.907851734929286,6.3475249360821175,-6.179009021195613,-1.238534334949776,-0.5253591333754608,9.277845493438507,-10.506435585188541,-0.05023648120007548,-0.05109822907409662,0.900654183220893,0.9480070989818379,0.9000449705569984,0.9000276900046201,0.926952165998277,0.9000044789072652,0.9020331864656295,0.9002111041537781,1.001444661979176,0.947816408357856,0.9217660446248135,1.0994691613300878,1.0937382838640253,1.0972118688822816,-0.6548564637945894,-0.6144027939204183,0.4393566939310865,0.8308352597377957,-1.0789402595617903
17,0.8392818799269178,984.6478049267629,-19.99967910651796,-6.338669484885321,-11.962598426330423,6.7672407990045755,-0.4389383307714024,-0.799342559260964,-5.4111043615242505,-19.999882487114547,-19.517875164284437,-19.394661307592223,-3.6772916282752566,-19.927756512561064,-19.846285384331335,-13.938581777091365,6.654492898729949,-4.542399944110674,-0.9049983430065734,-1.323317532776568,9.735489260897088,-10.978860893050435,-0.4776768857165134,-0.1211808781358058,0.9011768545691794,0.9479916415468815,0.9000129955899983,0.9001427401157196,0.9231548700658502,0.9000200375622215,0.9002633506408111,0.9004865732732531,1.0030165820123094,0.9518907896847215,0.9355433001951611,1.0995079003419843,1.0684774541266784,1.070045766647368,-0.6066259770536352,-0.619535577772925,0.4746366156030244,0.8869882764078593,-1.0726063437888476
18,0.8375775541740939,997.7216950810096,-19.993614838646817,-5.7352432862978455,-11.995888379619098,-9.993697734712361,-0.028430556420099867,-9.9194949519406,-2.8680626494071366,-19.999952883776217,-19.880152389159853,-19.751380702297265,-3.3762837392291343,-19.766506067641245,-19.8583950606802,-14.610515995054872,6.643104527099544,-4.5476354517217255,-1.2633383161221161,-0.9190084483294838,9.822273065694684,-10.485604741479127,-0.5062442349630388,-0.06390051599555198,0.9031770619855963,0.948165004280925,0.9000263539644211,0.9004029628920048,0.9305567447118474,0.9000927054251827,0.900386143369926,0.9030527030408277,0.9974434997455484,0.9546010664264484,0.9223788545401931,1.0554601799999854,1.0619085500707315,1.0977478663854743,-0.6535117670900079,-0.6156890096735077,0.44277102890750847,0.8324521741974561,-1.0782103708002824
19,0.8335015281698127,996.2848369420262,-19.99964857511595,-5.633145454944689,-11.950303328830973,5.56760353676867,-5.349391573865973,-0.13222405398153936,-3.9628436945890955,-19.65783454369492,-19.969749352195098,-19.315126062137928,-3.3857882076276637,-19.98010757439027,-19.995091379741588,-13.85002387273119,6.591799805692547,-3.8649383527529126,-1.0352485071711939,-1.4971512118296038,9.756115601092167,-10.673695169524233,-0.395776603991575,-1.62654112889809,0.9000639918277693,0.9218886380966925,0.9000262501992791,0.9011572042108816,0.929223392970027,0.9000241872298479,0.9000340924569876,0.90324272451085,1.0059437258541153,0.9404242586528935,0.9259840111240979,1.098100925144158,1.0489471799689964,1.0948733907373378,-0.6092587921430674,-0.6187179253226192,0.4717612541846563,0.8840150294021639,-1.0728005470781998
20,0.8449468772797538,999.239395253949,-19.999886257733724,-6.3062842430228905,-11.848522906351757,-9.994057980713313,-0.5836808770990887,-9.946317793634703,-5.230456510835781,-19.961057670010472,-19.96092681055566,-19.78465741375404,-3.4846292485005628,-19.95463595040178,-19.605955477659293,-14.760798068565833,6.657936786823132,-6.246175241771534,-0.8833445244496099,-1.4579801684813234,9.74060973077266,-13.922206520802447,-0.9993428250084256,-0.022702337664708847,0.9001326465562448,0.9354031706592535,0.9000351742772664,0.9011871018014228,0.9309732098915581,0.9000976099199348,0.9123821650661075,0.9001211487134744,1.0051497007553225,0.9583677364798454,0.9437191643861974,1.0971840018539383,1.063504906491033,1.0728993450838784,-0.6502544341228439,-0.6167405897730263,0.44662791491293735,0.8363559579018296,-1.0773471177131086
21,0.7996900141716485,484.3999079706624,-19.999206807166562,-6.08903978456444,-13.59706714717324,-9.681271958342723,-0.13364584504110463,-9.960960859268932,-1.3655468677539662,-19.813448922483907,-17.619300277681166,-19.2643712319761,-1.1568114522663644,-19.93250004860723,-19.769707262477553,-14.173434492936773,5.506132032780193,-11.176812958383216,-1.88668124980927,-2.0545786518987956,9.161402065757562,-12.164359680379222,-0.03827123131722748,-0.06656823834454621,0.9004415776959741,0.9217577104946403,0.9000809379462417,0.9002121291472285,0.9269483648194969,0.9000144347389375,0.9008575957505183,0.9006634230883453,0.9997242451979919,0.9076974094678879,0.9319430860526305,1.0995019835465782,1.068399193809894,1.0972074402821503,-0.6570522883549261,-0.6061390738370709,0.43102379325876633,0.8281881305600091,-1.078481852867476
22,0.8336000855678148,995.822639707724,-19.999756241827182,-5.639497063650624,-12.072297308822492,7.429359272518042,-0.08638634050561667,-0.641466823453305,-3.9813698982256924,-19.999376806123877,-19.940717794154143,-18.699026481169195,-2.9470142746725685,-19.924345241172606,-19.852099716411807,-13.210484315227067,6.593416376397163,-5.083080880588144,-1.2601521348399098,-2.1693153014147426,9.337306806248195,-12.067627469402455,-1.113108884575214,-0.044100233211811335,0.9047238942014577,0.9217767809281601,0.9001411598991333,0.9012425927863731,0.9245856618255819,0.9000241774710999,0.9002386397065525,0.9013858890258472,1.0057244384455326,0.9097332596026165,0.9262275145224537,1.0544604408162477,1.0625517986396165,1.0996895133013684,-0.6054648797213258,-0.6201966088777979,0.4730027692796177,0.8882963453410705,-1.073307599339972
23,0.8194324035700529,966.9332124303644,-19.99983948144491,-5.71267944344653,-13.299712652646,-9.997952328834318,-0.02154363450629233,-9.942124202079563,-1.0390428890571453,-5.651913714600016,-16.741872721191633,-18.5821183971553,-1.6328994225826392,-19.95216811022709,-15.138341742533022,-13.780786027450082,5.505640714813831,-11.547048974037766,-1.0119158192497357,-0.8364548856305133,9.562988674917307,-13.895790292494983,-0.35104154150774886,-0.1196782144752503,0.9005980509685241,0.9455575220435171,0.900487267138166,0.9002292665461346,0.9306169345946443,0.9000192057814275,0.902145257297071,0.9028895718519996,0.9971812007154809,0.9237685815177911,0.9335810638763306,1.099520776079972,1.0610027444768506,1.074253078187002,-0.6614948852765251,-0.607621897465558,0.43458255972065923,0.822806408470261,-1.0777969562161243
24,0.829577548557478,999.8260281699805,-19.999349583204694,-6.083907390127231,-11.956483214517407,-9.993221660150411,-0.09311980669700096,-9.877795780299861,-3.8668391164569558,-19.99952077529271,-19.526083003754156,-19.92571774768722,-2.938917547057314,-19.71781768250022,-19.994882874907475,-14.23890278128962,5.557168442847207,-10.787961748750503,-1.192034648819396,-0.8465095234855552,9.277500696994393,-10.965894946240933,-0.05023648120007548,-0.02266679756752614,0.901319499579287,0.9480764502593664,0.9000143320736724,0.9007114087478817,0.9292494779176537,0.9000233836367422,0.9001472292048677,0.9001251306088772,0.998817616403029,0.9306688138075776,0.9538186318574987,1.0994960288845061,1.0845699889529496,1.0949835115382462,-0.6563485379043219,-0.6143140882126367,0.43828051000008944,0.8290374422267515,-1.0790737836736388
25,0.8445363005110887,965.164327550481,-19.99959020421408,-5.602808233479757,-11.847548663879094,-9.996145078730885,-0.229355750247461,-9.967186623533314,-5.221255823320554,-19.999183481356265,-19.896244097212712,-19.861495375803,-3.3711858673140362,-19.96954996073527,-19.84798182972188,-13.904756528047201,6.654623343514551,-4.981319691210867,-1.5738235363308701,-1.4995594603293023,9.736077794311981,-12.243478011602996,-0.8602231585304655,-1.0972932290678137,0.9011680015416365,0.9478253266212167,0.9000350033044037,0.9007157677457858,0.9434656743192033,0.9000255742409689,0.914404052905391,0.9209564001711006,1.0030209906603837,0.9478547500489235,0.9503401980221854,1.098842575377257,1.0641556168983628,1.0962127429011623,-0.6506190555287962,-0.6162349103979298,0.4459522173662443,0.8359198798288187,-1.0774418572991935
26,0.847577022580989,995.4589835589638,-19.99380523277162,-5.597700911045875,-11.63045409420844,6.528134998082834,-0.0002682769709787536,-0.6063485312257442,-4.0868218895175366,-19.997516267607732,-19.896652145786017,-17.957311941672298,-3.6521594778034374,-19.953363088460478,-19.98327023997881,-13.014149406680492,6.6437831782573396,-4.578036220732704,-0.8882736701558474,-1.528343057013235,9.834640699529418,-10.475491713955888,-0.3759370787077372,-1.806483272949269,0.9002405625576324,0.9478574782599848,0.9000185403323157,0.9037625864778747,0.95005760440675,0.9000861161427788,0.9029616407633573,0.9004947958805264,0.9985142336727078,0.9255722728769461,0.9521461835267898,1.0590918537545064,1.0534965523299893,1.0980645980566999,-0.6078705445840711,-0.6197962579027535,0.4769253698023088,0.8855840262584254,-1.0720381533758223
27,0.8471735642232858,988.7981949739792,-19.99390737282472,-5.329476900358671,-11.472360192743805,8.97510271105791,-5.578192735048221,-0.12129846421814694,-1.192561004619915,-19.9943613221825,-19.964702368869908,-18.984315130715686,-3.64572908643634,-19.981491610366895,-19.844969607089457,-13.41812560384198,6.650099589578345,-4.925178010504002,-1.0160422413261394,-0.7369191506058057,9.84416571647017,-10.966083423526069,-0.4115699033787019,-0.08274939083786352,0.9011778353888206,0.9353124716619213,0.9001361736799284,0.901918442892482,0.9274442895931123,0.9000152666557766,0.9006501915286609,0.9002327318804835,1.0091681511104968,0.947044972165646,0.9473507812058871,1.0996032055044944,1.0619059301979752,1.0857017466030647,-0.5945541968533349,-0.6224317280219899,0.4811114722448155,0.9004952876480686,-1.0736629533263324
28,0.8314334276580778,995.2965016006418,-19.995899385112256,-6.07849113363081,-12.052778890028153,-9.960375636859702,-0.11721521287892246,-9.879178960331899,-1.408906211127731,-19.99948306916652,-19.974356258543306,-18.53218298781868,-2.938712444726398,-19.928552025153763,-19.835575719910526,-13.907851734929286,6.3475249360821175,-6.179009021195613,-1.8104840724772984,-0.5253591333754608,9.277845493438507,-12.225729948958055,-0.05023648120007548,-0.06599053863172764,0.900654183220893,0.9478777708794652,0.9000134314129172,0.9000276900046201,0.926952165998277,0.9000148600800938,0.9010588146004803,0.9019748095882621,1.0014515835406048,0.9272505713099015,0.9217660446248135,1.0993381883908795,1.0583750203424207,1.0971597667859612,-0.6556396023398784,-0.6151198934289993,0.4394687079118391,0.8298921326003733,-1.0789120882291843
29,0.819020075537584,995.2608981550171,-19.999702706991275,-6.058121838862624,-13.557415166702688,-9.961807697518621,-0.026556344823397155,-9.942018821815617,-5.0070234634988795,-19.520244716301832,-19.90921816733975,-18.982099744061994,-1.6257898448960393,-19.9512379524111,-15.199012004584715,-13.780786027450082,5.499351872051077,-11.551183870979912,-1.0119158192497357,-0.5723489872957007,9.264842794043123,-13.895790292494983,-0.35218718579734437,-0.0542574760573843,0.901676591393063,0.9453966377006998,0.9000364978485104,0.9002292665461346,0.9159623742177991,0.9000160447357782,0.9022400133764219,0.9028895718519996,1.0011717722956193,0.9231423050241748,0.933987205728096,1.0993234616339649,1.0617118904610006,1.0759048775422082,-0.6588936235531597,-0.6132908437586615,0.4354198534947819,0.8259618085744701,-1.0793393510083231
30,0.8334987582029985,977.3697708578252,-19.999233454458544,-5.633145454944689,-11.950303368440723,5.56760353676867,-5.349391573865973,-1.3794254762139322,-3.963261580021687,-19.961786761984914,-19.969749352195098,-19.315126062137928,-3.3857882076276637,-19.896418534447033,-19.994211502516816,-12.85951477214097,6.591799805692547,-5.1164229600846935,-1.2612746587001442,-5.312779226620992,9.756115601092167,-10.673695169524233,-0.395776603991575,-0.06645030487151571,0.9000639918277693,0.9488172251246425,0.9000262536078195,0.9011572042108816,0.925774694159407,0.9000240215447167,0.9002596633539054,0.9029364067469468,1.0059437258541153,0.9404242586528935,0.9259840111240979,1.098100925144158,1.0493427116527825,1.0948733907373378,-0.6110226775704661,-0.6186036514755315,0.4710622461219413,0.8820174609148907,-1.0729445130938065
31,0.8293621572515414,988.5628724831605,-19.993924572340187,-5.632693517155869,-11.977602292216924,7.246650054352157,-8.12400545769554,-0.13574013679484692,-3.9228951561363044,-19.962445419513937,-19.971065006516767,-19.226096430335684,-2.9546783569824613,-19.966906300337982,-19.977994291586448,-12.930492267997385,6.654019080708125,-4.931982554402347,-1.1694467852263204,-2.1196296747048424,9.162166938381041,-10.723835937052662,-1.0940642134081318,-0.05039733040720666,0.9000637278906561,0.9227125266362406,0.9000489555375748,0.9011835459399973,0.9492951628175205,0.9000287842377654,0.9007333521394678,0.900797995164633,0.9987980379248729,0.9454791539760308,0.9529305218409784,1.098854670744079,1.0570701502145783,1.098101489183672,-0.6012204034424525,-0.620427630447367,0.47367764490595143,0.893061783782446,-1.074381980694651
32,0.8282338472623877,978.0478049914021,-19.993650366940678,-5.632676728476552,-11.949460447570031,9.194657588435394,-0.06943841602509959,-0.13604089008715053,-5.632831174975603,-19.96243787680635,-19.944515519342435,-19.669793819049463,-2.3544909652711286,-19.60040439261125,-19.923226383083993,-11.255092705360765,6.8329410912903645,-4.948173350978434,-0.9161544341398338,-0.9840607313629245,9.343092452486017,-10.751455902655348,-0.2701230425132123,-0.08984498429091481,0.9048477225736009,0.924651503269994,0.9000347896527487,0.9001435141701922,0.9520844954872056,0.9013290139056436,0.9002387753631985,0.9026518520188757,0.998672469905959,0.9404242586528935,0.9214099829417612,1.087235293743795,1.0578775804563738,1.0997197078867005,-0.5975381427292825,-0.6202730416843859,0.47428101912991183,0.8971754962591864,-1.0745708717350115
33,0.8284985081396247,977.5728743615354,-19.99389574768088,-5.637802329121817,-11.950245736125519,9.633539870512765,-0.05685719611304263,-0.13634120575785968,-3.962438290815037,-19.96243762894205,-19.94209794296615,-18.44457645313227,-2.9405395998936976,-19.96676389612011,-19.878777155807025,-12.928585846403706,6.65409897999457,-5.1127085061789606,-0.8941656562783722,-2.1148694428812793,9.35104584286279,-10.04360563035043,-0.41699467813109226,-0.10473337672784111,0.9012430935949143,0.924651503269994,0.9000508247162364,0.9000437090851989,0.9520844954872056,0.9000259778961122,0.9009934123036344,0.9007125988442877,1.0029999218023806,0.9254149061349317,0.9268731606568401,1.0994751960881448,1.06166468912581,1.099251321511212,-0.5959896080517461,-0.6212220843934757,0.47487172055072885,0.8988998500572476,-1.0748452628743637
34,0.8395649125586921,997.9982156349961,-19.993614838646817,-5.7352432862978455,-11.951883398264888,-9.993697734712361,-0.030195623589723605,-9.959021521054225,-2.8680626494071366,-19.999952883776217,-19.880152389159853,-19.759712251558504,-3.3710955022175835,-19.95450149712248,-19.8583950606802,-14.610630682514898,6.665434759196852,-4.5476354517217255,-0.94050914944719,-2.1622772226910847,9.822273065694684,-10.485604741479127,-0.5062442349630388,-0.018471939074433612,0.9031770619855963,0.948165004280925,0.9000260743538234,0.9004055290010864,0.9305567447118474,0.9000927054251827,0.9003187641305,0.9030527030408277,0.9974434997455484,0.9546010664264484,0.9223788545401931,1.0513414218976211,1.053420295045988,1.0979950780066834,-0.6528896465890975,-0.6159768076359311,0.4437942011763987,0.8331991738792027,-1.0779861672039688
35,0.828473508736455,988.9559123899072,-19.995156915560052,-5.632249824266001,-11.944312753058515,7.347348802878786,-5.175169062839674,-0.13603500379612427,-4.254337805794777,-19.96244566737824,-19.974786296820497,-19.198047452501008,-2.911261787477029,-19.9533447333463,-19.878763866562096,-13.090414100999457,6.654024300252293,-4.547643296227208,-2.3493830030614764,-3.058738577908652,9.198309736349715,-10.489448955426008,-0.3854715707402441,-0.26228019827924315,0.9000637278544596,0.9472912611120962,0.900049081106838,0.9005125053498386,0.9307370275948447,0.9000914503756366,0.9003112194175538,0.9031258057341887,0.9984363403384181,0.9407178912793965,0.9925020762602554,1.0988448060830305,1.0618214632311507,1.0972710037289446,-0.6018223556895341,-0.6202058284298607,0.47261937776207397,0.8923874971774115,-1.074240720011106
36,0.8104630994982412,989.6810244387816,-19.99977943041867,-6.075483163277643,-13.60016264690723,-9.978383066647616,-0.03132642493974598,-9.991272973025723,-5.790617316663266,-19.671926549184345,-17.828078010222466,-3.885127319010156,-1.4196719451906732,-19.952817735742777,-15.237967932751136,-11.265438643327796,5.665171269136729,-12.315269186333776,-0.0820199971443425,-0.6947019586332114,9.672457067784627,-14.096257130191768,-0.4001920954841566,-0.08919129359955155,0.9047977250535435,0.9136562023195042,0.9000198782243849,0.9000182266991853,0.9253505397702595,0.9001336185657405,0.9024104213457419,0.9028833025625744,1.0011648743083934,0.9411218245482892,0.9191604152287778,1.0990682331929786,1.0622571050092586,1.0984272491346199,-0.6604077170979358,-0.6083726774905838,0.43281751898837406,0.8241266420467767,-1.0786226981407352
37,0.8459891779717218,995.3306416578623,-19.999618909027873,-5.624515823120061,-11.666385612269929,7.560121707744592,-3.9077509766687717,-0.26640012073372327,-5.182265599869472,-19.991605153947276,-19.943359297725696,-19.233596995388854,-3.7244276089276798,-19.81936774505815,-19.85616374758574,-13.333595711997594,6.657625585150772,-4.570572762736193,-1.2170175877316662,-2.110442638032708,9.86946911303174,-10.649057602062252,-0.49227478535077,-0.10204810163694998,0.900187829425588,0.9455871336423071,0.9000953719913898,0.9004713209422694,0.9693978327789842,0.9000473998479971,0.9000386316009843,0.9006176401848811,0.9985822433563545,0.9417546325446002,0.9524529994902111,1.0980202779744181,1.061820094603337,1.0987471683159025,-0.5999832487345932,-0.621760115366321,0.4785787147014204,0.8944460069004021,-1.073034608787313
38,0.8105161349801827,977.1294483048616,-19.99992232195909,-6.330730908302705,-13.747982420340174,-9.991469518101804,-0.031543909024893596,-9.999440072150753,-5.199558203732994,-19.991705216146013,-19.547059154865856,-19.795204221621095,-2.9831089716726544,-19.952139288879152,-19.85171288440422,-13.999758626892948,5.688573472032424,-10.805288241969299,-0.10612445417630817,-1.459121711637046,9.708747731281541,-12.11879368933764,-0.04944250376083567,-0.026435280700277893,0.9034011680581304,0.9456295144056538,0.9000130945266336,0.9000276522008739,0.9302919080459037,0.9001026946393571,0.9007717603090432,0.9027602987444647,0.9987596415673778,0.9057050774510533,0.92844787521771,1.0994428085118142,1.086546174645404,1.098426614137629,-0.6578272796479627,-0.6121441967812323,0.43385078743386846,0.8272518340676845,-1.079725488542623
39,0.7996900141716485,484.3999079706624,-19.999204821818076,-6.078215995204182,-13.59706714717324,-9.636698205557213,-0.1395262648761033,-9.960960859268932,-1.3655468677539662,-19.813448922483907,-17.619300277681166,-19.2643712319761,-1.1565811200857163,-19.93250004860723,-15.229822576103071,-14.173434492936773,5.506132032780193,-11.181161506602399,-1.81212003955639,-2.095184717211508,9.161402065757562,-12.164359680379222,-0.03827123131722748,-0.06656823834454621,0.9004414875623902,0.9479000622189366,0.9000814296797462,0.9002121291472285,0.9269483648194969,0.9000144347389375,0.9008484232977684,0.9000983944692748,1.0014798763406718,0.9076974094678879,0.9189597924228639,1.0995019835465782,1.068399193809894,1.0972050707258623,-0.6574353310098585,-0.6056530439760985,0.43065477711989925,0.8277254945097895,-1.078508643584211
40,0.8314334276580778,995.1974155743757,-19.995899385112256,-6.127559568045748,-12.076827238728969,-9.996045371846515,-0.11673582383613701,-9.903513668166022,-4.01090459259055,-19.99634920746526,-19.974356258543306,-18.576862067298737,-2.934999483325897,-19.87461256917556,-19.924416276602884,-13.907851734929286,6.280607343416081,-6.34788818258728,-1.749619374361692,-0.519476159363462,9.296114262739588,-10.975322146394584,-0.05023648120007548,-0.02266679756752614,0.9006627195344529,0.9477137485090918,0.9000134314129172,0.9000345368048398,0.9229632596320585,0.9000980387798453,0.9010588146004803,0.9020245914296539,0.9988298762673612,0.9272505713099015,0.985524560674027,1.0533644247555125,1.058207050754642,1.0989090076550052,-0.6555476239290355,-0.6153148547212562,0.440002447615267,0.8300029569862218,-1.078934681933029
41,0.8106628996501378,987.9163790796326,-19.99991144853499,-6.294587706002852,-13.558075730395094,-9.999115776457444,-0.03159359045866374,-9.989176907202248,-1.873328177409563,-4.308035561700307,-16.682862558890445,-3.8829157136589085,-1.5750621742411557,-19.96535776306357,-13.558287710620652,-14.151654604042458,5.669075709691981,-11.571916845139675,-1.1349639967543563,-2.5304701185722642,9.717527889039491,-12.129895340512592,-1.0561101337282328,-0.11040172154890378,0.9006621830120932,0.9463466753872165,0.9004721657252808,0.9000281020165057,0.9160400347260108,0.9001009239426053,0.901882131899006,0.901299764781086,0.998759810687645,0.9089491033042179,0.92026924585351,1.099442470255067,1.061398138042081,1.098417296502237,-0.6617189831312678,-0.6052456008118773,0.43242453256101077,0.822534005398454,-1.0778849182066064
42,0.8192656623147387,999.9570087147548,-19.99970419277751,-5.7121270162864635,-13.302700060708766,-9.997998353926521,-0.08431776855749198,-9.919692923281374,-3.342885807599953,-19.997120669186216,-19.97496952353477,-19.78540438998351,-1.6538511438665946,-19.665768691022215,-19.927509686852886,-11.725721536952832,5.530364510700155,-10.998442266819643,-1.1487770948067275,-0.8340858146829805,9.845523780817373,-11.220752497207956,-0.32779106499775446,-0.4328781971489838,0.9029400014857193,0.9448917102526531,0.9000139692474656,0.9002657070312077,0.9308928902257693,0.9001154503145227,0.9000235128770384,0.9002023551130152,0.9972118721035362,0.9307862575295776,0.9537892159234065,1.0994741938653703,1.0847319045868098,1.0951721255218794,-0.6588317834168315,-0.6135792742325301,0.43493361994873236,0.8260366756562016,-1.0794451760263453
43,0.8106628996501378,987.7635980193146,-19.999770723587492,-6.293964210846932,-13.558075730395094,-9.999087663186067,-0.030007226607276442,-9.989176907202248,-1.873328177409563,-4.308035561700307,-16.682862558890445,-3.8829157136589085,-1.5916779680223754,-19.96535776306357,-13.558287710620652,-14.151654604042458,5.66988708628866,-11.571916845139675,-1.1349639967543563,-0.48865062276711013,9.863240698761174,-13.137871668859582,-1.0572453010978533,-0.1161817981382735,0.9006621830120932,0.9463552255347164,0.9004721657252808,0.9000170851697987,0.915306340788295,0.9001009239426053,0.9019117544616102,0.901299764781086,0.9987850528421665,0.9089491033042179,0.919830513579512,1.0995425519227244,1.061398138042081,1.0970735758840733,-0.6618087211757415,-0.6047207001821,0.4326156981733181,0.8224248986763681,-1.0776884122957684
44,0.8335022808822631,974.633918574142,-19.994266996353513,-5.639333672273705,-12.072297308822492,5.54471604183703,-7.644261724873279,-0.7686302690554309,-3.9807994782655807,-19.999381280382853,-19.940850276473242,-19.231213414853816,-2.962683459219122,-19.82352949512618,-19.86685255006584,-12.869261155054366,6.593465556992984,-5.083080880588144,-1.2601822135184497,-2.1151934860631503,9.337306806248195,-12.081765372037633,-1.1297285231769263,-0.08236185995437617,0.9001117662338747,0.9483596222477451,0.9001408752901278,0.9011647852482235,0.9506305969697849,0.9000240730857721,0.9000381896227657,0.9013697311988029,1.0058582073232483,0.9404246356028226,0.9259793904741334,1.0545654449136586,1.0625663837048032,1.0996596840697794,-0.6088855334666011,-0.6194391186060718,0.47223971916022767,0.8844371598019027,-1.0731433721972297
45,0.8338958306169647,995.4027919629227,-19.99967910651796,-6.33888265377154,-11.957630250417148,-9.996156397089491,-0.08118781798189367,-9.65861994573398,-4.915267898733874,-19.94278920214336,-19.99142271462608,-19.851323874407193,-3.3121923795115222,-19.926913764070594,-19.58828130048986,-13.931064153145446,6.6574891138683086,-4.999695474124286,-0.9985582896331568,-2.1143317058915883,9.837378517087354,-10.978860893050435,-0.4212146380149108,-0.005968732904046516,0.9002113714050094,0.9487754906778312,0.9000130967201655,0.9037411888641255,0.9225622229854817,0.9001315147296977,0.9017337504392265,0.900371760046373,1.0029542607925657,0.9256481279595142,0.9511659656355117,1.0994722426866563,1.062184908539357,1.0953837944978237,-0.6543220921282632,-0.6155801707404366,0.4410312293802185,0.8314781850351654,-1.0787331691111104
46,0.8471843333419418,984.4350345559313,-19.998935384440053,-5.705141923158108,-11.646106251795052,4.109828716653516,-7.719658107102935,-0.09023554129931433,-4.294698835700888,-19.988861577384665,-19.969351419961985,-19.618450196633724,-3.372126219726292,-19.821480875644603,-19.713270540996376,-11.54929077718801,6.637890757222213,-5.173820524285875,-0.9985685717154723,-2.10014465157835,9.838276033684236,-11.904727362201637,-0.4218206983983286,-0.022850924463844985,0.9046625997241898,0.9509160834493954,0.9001030300163826,0.9017509954969531,0.9506620746412764,0.900029413773257,0.9007426219024647,0.9012319274561527,1.0023059936212544,0.9495904262128043,0.9301002968314924,1.0563295810106714,1.0618223025781799,1.0894394475453044,-0.6130512265218226,-0.6190096805622368,0.47472362776474153,0.879714558062665,-1.0721923537518439
47,0.8105896210064426,998.7534211162591,-19.999869774255473,-6.341663392842405,-13.748063318712166,-9.997541550848423,-0.03177516633429284,-9.917173529046268,-3.8917420655466177,-19.671732317487155,-19.844685637877575,-16.904223148363293,-1.6259787013439118,-19.966916817557692,-13.277548389374498,-13.923899255866885,5.736760480330324,-11.441343817644906,-1.134610236003299,-0.5113586713011291,9.838796243491903,-10.670027653085226,-1.067401906594214,-0.023518847373907442,0.9033302547809988,0.945757853787794,0.9000174517492888,0.9000193540285949,0.929409186361592,0.9000038558421221,0.9000498873819088,0.9012633614244938,0.9988528665343329,0.9132005559633551,0.9510070584449066,1.0986351360635647,1.0864449516696915,1.0984399989103688,-0.6593354215050262,-0.6110886677686366,0.4328716538397082,0.8254267461481914,-1.0796330922407533
48,0.845047160158574,987.0394738913812,-19.99351444017819,-5.624406963677935,-11.578262141037353,3.8283399772097684,-8.262515151192746,-0.26640012073372327,-5.113353301696957,-19.99089014800829,-19.97562483357538,-19.236610999791647,-3.6802002814883856,-19.9270808216449,-19.853298773001242,-13.333595711997594,6.632539164280664,-4.581276706369242,-1.2395909566314505,-2.110519519039372,9.845923109107341,-10.649057602062252,-0.9869591954060428,-0.049474336052865595,0.9000608025221453,0.9455374888669652,0.9000100329317808,0.901190858088417,0.9503958771301557,0.9013873056287297,0.9000386316009843,0.9010891730624202,0.9987977016777231,0.9457801737287029,0.9508126841672795,1.0985350466668844,1.0571202567360771,1.0996857371081312,-0.6139740247640728,-0.6183802549381481,0.4735871024223499,0.8786649572455406,-1.0723021502605448
49,0.847577022580989,995.4589835589638,-19.99380523277162,-5.597700911045875,-11.630571174976517,6.379261537650033,-0.0002682769709787536,-0.28198810436660043,-4.0868218895175366,-19.997516267607732,-19.896652145786017,-17.97255345199114,-3.6390736131786903,-19.953363088460478,-19.98327023997881,-13.21161053371987,6.64351298623391,-4.579017552164019,-1.0108200857177394,-1.528343057013235,9.834640699529418,-11.735300980461348,-0.3759370787077372,-1.806483272949269,0.9003324713270746,0.9478574782599848,0.9000185403323157,0.9037625864778747,0.95005760440675,0.9000861161427788,0.9029843766717639,0.9004909516087252,0.9985171368982356,0.9255722728769461,0.9521462989076829,1.0590095821689987,1.062194848437568,1.0950353540650983,-0.608445795601812,-0.619752352695812,0.4765713379141416,0.884934215370249,-1.0720548820064537
50,0.8029547222824446,438.57329502391315,-19.99960828549346,-6.294445669768589,-13.558094600464283,-9.995837635087817,-0.4708913980919662,-9.85470020787156,-1.8805603512545246,-4.313554366065198,-15.832040044436708,-18.363370183062454,-1.1538884469496613,-19.964870171829546,-13.548068644196544,-14.214382934275093,5.687349609308332,-10.79469221943221,-1.6840159978152067,-2.0153194024852183,9.861647835043899,-11.25087928111367,-1.1313982320091374,-0.10081388623055905,0.900822740015954,0.9451323021613994,0.9004440018822057,0.9056500511259532,0.9163757249337636,0.9001006818971413,0.9019013075387006,0.9000261490238941,0.9964121242098001,0.9089353284264267,0.9325967931556637,1.0988339317663631,1.0612361082345316,1.0984545019274912,-0.6610725717137694,-0.6017254301410013,0.4304904985757984,0.8233195083893102,-1.0773120392755124
51,0.8391834618648694,997.9982156349961,-19.993614838646817,-5.7352432862978455,-11.951883398264888,-9.993697734712361,-0.030195623589723605,-9.959021521054225,-2.8813535901325693,-19.999952883776217,-19.88021122043226,-19.853722068028173,-3.3624422808332057,-19.95450149712248,-19.8583950606802,-14.076711210467307,6.6549304730786645,-5.140002677342105,-0.94050914944719,-2.1622772226910847,9.829420315886292,-10.627086916077628,-0.9966497813053936,-0.019252782110373214,0.9031770619855963,0.9480218097631479,0.900008274716517,0.9004055290010864,0.9305567447118474,0.9000929564741598,0.9003096086073858,0.9030527030408277,0.9974434997455484,0.9546006713979589,0.9223788545401931,1.0975156424809136,1.0530881058476493,1.0979751202024624,-0.6530779262119588,-0.6158090999343547,0.4430560096507794,0.8329731712759851,-1.0781618331858651
52,0.7996900141716485,483.95329814120265,-19.999206807166562,-6.08903978456444,-13.597867719191415,-9.995898574405865,-0.096721643648697,-9.960960859268932,-1.0607194001307765,-4.919062995267131,-17.619300277681166,-18.96013070864319,-1.1568114522663644,-19.93250004860723,-14.963133910411091,-14.173434492936773,5.506132032780193,-11.545612064770564,-1.8870151156454489,-0.5714658082643277,9.131788204792118,-12.164359680379222,-0.033917512638261156,-0.06656823834454621,0.9013150547079396,0.948516761406152,0.9000809379462417,0.9001779977284541,0.9228160707341608,0.9000144347389375,0.900886274052892,0.9006634230883453,0.9997750887644035,0.90726932143045,0.9332844419215024,1.0994968598437957,1.068399193809894,1.0972074402821503,-0.6597353475950242,-0.60101139867767,0.42992613491638926,0.8249420956268556,-1.0772685878849755
53,0.8336000855678148,995.8732656285364,-19.99409735491424,-5.639439892891429,-12.072297308822492,7.408049365854213,-7.668976136542698,-0.641466823453305,-3.9813698982256924,-19.999376806123877,-19.940850276473242,-19.231213414853816,-3.402278010331984,-19.82352949512618,-19.86734544185193,-13.942917135977856,6.593416376397163,-5.083080880588144,-1.2601521348399098,-2.156307279615726,9.337306806248195,-12.081765372037633,-1.145100761880739,-1.5339933225447409,0.9011751077773602,0.9217767809281601,0.9001414778941076,0.9012425927863731,0.9245856618255819,0.9000241774710999,0.9009724271739811,0.9013991271484306,1.0058582073232483,0.9400531965302846,0.9262275145224537,1.0544604408162477,1.0625663837048032,1.0996895133013684,-0.6007476551747583,-0.620964798827488,0.47563965139696984,0.8935909837741878,-1.0740173861455764
54,0.8109414642801757,463.9004644824163,-19.99977943041867,-6.075483163277643,-13.60016264690723,-9.995798816797068,-0.03132642493974598,-9.991272973025723,-0.5092238180400883,-1.0856065663393366,-19.909025836640694,-3.885127319010156,-1.4196719451906732,-19.952817735742777,-15.237967932751136,-11.614615178810897,5.665171269136729,-12.470920875175217,-0.0820199971443425,-0.6947019586332114,9.672457067784627,-14.096257130191768,-0.4001920954841566,-0.05456880908389968,0.9017002011508639,0.9246711082748326,0.9000540422644147,0.9000273690356649,0.9254444497119308,0.9001336185657405,0.9022463776561211,0.9028833025625744,1.001105054736996,0.9473219717732785,0.9191604152287778,1.0990682331929786,1.061745323047452,1.0984377538058683,-0.6626445123234114,-0.6024766002278036,0.4321761826329494,0.8214080177982682,-1.0771404276953358
55,0.8282306739048735,977.5472346217283,-19.993650366940678,-5.632677680611993,-11.950228466873876,9.194657588435394,-0.06943841602509959,-0.13604089008715053,-5.641318082329045,-19.962437659610067,-19.944515519342435,-19.669793819049463,-2.3544909652711286,-19.60040439261125,-19.922440800202278,-11.255092705360765,6.653288778138309,-4.947669696605258,-0.9161544341398338,-0.9840607313629245,9.34303190308124,-10.021954732602545,-0.2721862448926592,-0.08917697996651261,0.9048477225736009,0.9136858083139113,0.9000200334166655,0.9001419910093936,0.9520844954872056,0.9011424741847598,0.9002387753631985,0.90266242624936,0.9986669496855901,0.9404242586528935,0.919898983312004,1.087235293743795,1.0578775804563738,1.0992541067308308,-0.5973979723874447,-0.6205183018200382,0.47430224229878043,0.8973317177939318,-1.0746370058422852
56,0.8107159682840288,990.4006133807258,-19.999928431785875,-6.105734939304094,-13.556052428284517,-9.99374854366596,-0.02710333507361265,-9.984534168726912,-1.8433465641135434,-19.902694508531802,-19.57318803817927,-6.433378821390864,-1.1647680045194866,-19.966410180967152,-15.233372157061236,-13.653128889160323,5.66988708628866,-11.603201560862338,-0.9970575226700257,-0.5654709063533152,9.341530340226988,-12.149123178063705,-1.083731434615113,-0.1218473658024874,0.9013235216654425,0.9240828957792326,0.9000771444862814,0.9004271909339435,0.9147992356926127,0.9000763237044959,0.9019188712950849,0.9002401456050123,0.9991427493728479,0.9078324399866581,0.9236946656591037,1.0435731045206609,1.0613384649222624,1.0613328858598385,-0.6601304988967687,-0.609962548411997,0.4336001823864284,0.8244629516088856,-1.0788614011014686
57,0.8430650058234973,973.4847835341938,-19.999195408989713,-5.7101120689980425,-11.619402007448775,7.369712935352669,-0.13104631242510845,-0.6683890500162164,-5.1853973554174875,-19.991741881033015,-19.879769997721937,-19.3916680696365,-3.682965442584644,-19.952817672500867,-19.85261004807266,-13.939667708891033,6.64310113729901,-4.571993603735833,-1.2718790019152502,-0.9429264614003962,9.322367957301063,-10.620663432223461,-1.0006330263642427,-0.06656713159035907,0.9000398498965915,0.9479333235268728,0.9000084754946681,0.9004185247909541,0.9220420707764345,0.900100454132331,0.9004762687355774,0.9026669580472578,1.0054707011323623,0.9516406608069282,0.9239639808051172,1.097665307044774,1.0685553078758252,1.0977188010375631,-0.6038965423184464,-0.6206726009030418,0.47606835877721276,0.8900601507707273,-1.0725977930195745
58,0.7996900141716485,421.11832551471963,-19.999280298766138,-6.085783193139067,-13.597867719191415,-9.995898574405865,-0.48369809054680746,-9.990864291418001,-0.9350798275255233,-4.889220024265994,-17.619300277681166,-18.96013070864319,-1.1568120112272697,-19.93250004860723,-14.963133910411091,-14.171791558914034,5.506132032780193,-11.545612064770564,-1.8870151156454489,-0.5714658082643277,9.131788204792118,-12.165968480922663,-0.033917512638261156,-0.10084721617419888,0.9012790334684204,0.945857855619185,0.9000809379462417,0.9001779977284541,0.9228160707341608,0.9000144347389375,0.900886274052892,0.9119266367374368,0.9996156201968062,0.906787692881017,0.9332734186480806,1.0994968598437957,1.0610401883420781,1.097087887265393,-0.6597867739358203,-0.6001693963699165,0.4301072370405086,0.8248797539434511,-1.0770508418248348
59,0.8285016814971389,978.0734447312092,-19.993650366940678,-5.632763229965297,-11.949477716821674,9.633539870512765,-4.228931034161974,-0.13634120575785968,-3.9540514853448103,-19.962437846138336,-19.94411248182851,-18.44457645313227,-2.9405395998936976,-19.96676389612011,-19.87956273868871,-12.928585846403706,6.833749042685385,-5.113212160552136,-0.8941656562783722,-2.1149453811657257,9.336400980599201,-10.764946184417486,-0.41522726593452075,-0.10540138105224331,0.9007445695727309,0.924651503269994,0.9000485020660502,0.9000452323102962,0.9520844954872056,0.9000259778961122,0.9002432340431377,0.9007020308833806,0.9988070172901896,0.9404242586528935,0.9268731606568401,1.098100925144158,1.06166468912581,1.0997169226425094,-0.5950824045221644,-0.6204246760222764,0.4763564123845156,0.8999085217569317,-1.0749346831129398
60,0.7996900141716485,483.20767546387026,-19.999204821818076,-6.078215995204182,-13.596401826986678,-9.636698205557213,-0.13322088088528602,-9.962996527354376,-1.3655468677539662,-19.813448922483907,-17.619300277681166,-19.2643712319761,-1.1565811200857163,-19.93250004860723,-13.465220881893785,-14.173434492936773,5.506132032780193,-11.16863428563274,-1.6831076893641894,-2.0020131632379217,9.874946933706601,-12.161229881421729,-1.1433629379360646,-0.1000489154787294,0.9004363937460603,0.923895508636715,0.9000814296797462,0.9002121291472285,0.9269199420577794,0.9000144347389375,0.9008484232977684,0.9000983944692748,1.0014471524940474,0.9199988519779894,0.9189597924228639,1.0995019835465782,1.0686390904755183,1.0985696558930909,-0.6576856765646946,-0.6044534062366327,0.43097590517861145,0.8274229892713998,-1.0779588873964339
61,0.8338958306169647,995.4027919629227,-19.99967910651796,-6.341464655454069,-11.947102722917586,-9.996156397089491,-0.10160952261171896,-9.65861994573398,-3.340200998179004,-19.99669267880178,-19.991240820808144,-19.851323874407193,-3.296059099947597,-19.926913764070594,-19.84102511663721,-13.908151810131343,6.654492898729949,-4.999695474124286,-1.0115555422014817,-2.1143317058915883,9.83766125219331,-10.978860893050435,-0.4212146380149108,-0.005790777467213237,0.9011739332720557,0.9487754906778312,0.9000130967201655,0.9035634924727023,0.9231546337570783,0.9000185963513695,0.9000559280121249,0.900371760046373,1.0029542607925657,0.9256481279595142,0.9521498643886112,1.0994722426866563,1.062184908539357,1.0953837944978237,-0.6543815886810959,-0.615512168259226,0.4410104655651714,0.8314066267988867,-1.0786980945079299
62,0.8450635592069984,994.9617964330479,-19.999609576572677,-5.583458628868501,-11.638309381728561,7.382716719023009,-8.346444206624126,-0.26640012073372327,-5.0199021671713195,-19.939793152468567,-19.945361906770145,-18.59091785467119,-3.6838870665236496,-19.947998727355355,-19.96967634941197,-13.333595711997594,6.657625585150772,-4.570572762736193,-1.2396597945512713,-2.1321016161795088,9.853841616562452,-10.57163500252264,-0.36390006804350794,-0.049115413882030425,0.9001865344233462,0.9455374888669652,0.900044896287436,0.9000904136465563,0.9497509649036846,0.9001330176535298,0.9020053655389213,0.900138622883502,0.9980547733872885,0.9503889333042104,0.9524603185943599,1.0986102236751025,1.0920467013270412,1.0981553405810567,-0.5990520475758925,-0.6220966818323086,0.47885403929757936,0.8954864943627975,-1.073581685309926
63,0.845047160158574,994.9617964330479,-19.999675353971305,-6.301734684914677,-11.540946004941414,7.453354534730279,-8.346444206624126,-0.26640012073372327,-5.0199021671713195,-19.939793152468567,-19.97312318045153,-18.590345907677435,-3.6802002814883856,-19.947998727355355,-19.58040644533308,-13.333595711997594,6.657625585150772,-4.570572762736193,-1.2396597945512713,-2.1085735732102657,9.853841616562452,-10.572065996313189,-1.0372217968438948,-0.04986411241745087,0.9001861887660982,0.9455374888669652,0.900045406530755,0.901195068097724,0.9497540640549493,0.9001330176535298,0.9020053655389213,0.900138622883502,0.9979467350620158,0.9473366029949621,0.9325516241952835,1.098030142635478,1.0920467013270412,1.0981591137924935,-0.5985080737720484,-0.6214866936747581,0.4794354105302881,0.8960937502352617,-1.073590182708571
64,0.8456280981239741,978.8783018186971,-19.998971084042815,-5.603399354997655,-11.64382212318481,7.369712935352669,-0.028434152385863377,-0.26820365724597095,-5.100782986301631,-19.991741881033015,-19.884344431640894,-19.856701614370305,-3.682965442584644,-19.952817672500867,-19.852615804451194,-14.075141345753929,6.65438304510518,-5.130584545235087,-0.9913750011261486,-0.9429264614003962,9.322367957301063,-10.623934122473417,-1.0031440581835571,-0.06437942171935962,0.9000398498965915,0.9480266539029478,0.9000079900749356,0.9004130937920671,0.9220732713852066,0.9001081586715205,0.9007494621817131,0.9027217013416933,1.0022760510518278,0.9547965572049975,0.9239639808051172,1.097665307044774,1.0621847628732628,1.0977156106515513,-0.6032023205508662,-0.620795084016513,0.4771586373409184,0.8908397810912071,-1.0724434925761248
65,0.8018750057040447,996.630273312169,-19.993497039551034,-6.3203824889499085,-13.54520278711117,-9.997565872990982,-0.03217694088476072,-9.918113889083807,-3.869369181676691,-19.992297856747637,-19.79404823508014,-19.67550196540186,-1.0693027298549762,-19.946431531340544,-15.254626218382597,-13.926958883515084,5.656166737539733,-11.438855572989137,-1.0107295055404357,-1.461549025325236,9.312608297306715,-10.588417270626953,-0.07843850547147854,-0.06800265583851263,0.9031727348405635,0.9453265620117609,0.9000863192458509,0.9003189731922197,0.927176174118239,0.9001038004377928,0.9002600447083883,0.902875064498106,0.9974090186793348,0.907740710611638,0.9251119975561947,1.0964715393159026,1.0687270642152298,1.0987303204341272,-0.6573409201231766,-0.6081629932145467,0.43151798542202946,0.8278395472819964,-1.0790847597629118
66,0.837430596625193,978.984551904556,-19.998971295623967,-5.697021804949244,-11.99018564766774,6.980701502038977,-5.11755808800524,-0.10579124938689703,-4.766160527792232,-19.99865928178074,-19.913956853713294,-19.824596748607725,-3.371262999448608,-19.981519016237904,-19.862424507273907,-12.952579414791186,6.643139977708309,-5.33931987948007,-0.8958455310984832,-2.1777380965509447,9.775549823215325,-9.984154649282889,-0.4624092849910429,-0.10465233608731705,0.900020354201648,0.9483583622704622,0.9000141089509224,0.900403134398336,0.9221838861482909,0.900015485637131,0.9006487139669828,0.9027331153184861,1.005391475179809,0.9481999228102432,0.9911298991587996,1.0995027175282435,1.0642199315412744,1.094708315713618,-0.602599814405735,-0.6208590084547053,0.4748869856925282,0.8915158595206029,-1.073493075819369
67,0.8449848889442799,985.8325444539508,-19.999596500273725,-6.351455515949404,-11.848669600186476,-9.99398890859355,-0.45677457985374814,-9.94721174280658,-5.227535864489377,-19.99588543777304,-19.96523224336114,-19.784747732110883,-3.4856573786445524,-19.94964494584775,-19.497074387138603,-14.768039531495326,6.609197484213847,-6.246175241771534,-0.8833445244496099,-1.5000612953996741,9.739126318085363,-13.922206520802447,-0.1427734927184367,-0.022702337664708847,0.90181546019193,0.9304071872824917,0.900035058504344,0.900054356391943,0.9054740722708257,0.9000976099199348,0.9147713648245377,0.9027916792610731,1.0051497007553225,0.9497220842491572,0.9508529123728425,1.0583905092929695,1.064028534898402,1.073452833774643,-0.6504355611182252,-0.6167170868651602,0.44696136713923185,0.8361393630010493,-1.0773791090093225
68,0.8286351468782827,977.573881578688,-19.998958704145878,-5.697021804949244,-11.989754665045938,7.0655629471710935,-0.028434152385863377,-0.10579124938689703,-3.962552187701501,-19.99882968275903,-19.94322721341967,-19.750858863151972,-3.4034432379967487,-19.981519016237904,-19.862939553454485,-12.95255020398057,6.64310113729901,-5.347609670414965,-0.8954340143564921,-0.4626403815878888,9.364767895000936,-10.044713911066722,-0.29758500606672716,-0.31666492923583245,0.9000211124762434,0.9483583622704622,0.9000176720703613,0.9004030837758217,0.9220732713852066,0.9001002609715475,0.9002946296394895,0.902719031816096,0.9985140478265894,0.94053899806893,0.9911298991587996,1.0980869240287303,1.0614855929448601,1.0948119296921983,-0.6062570946277709,-0.6191682660476971,0.470730552093031,0.887404060837413,-1.0734027341623185
69,0.8460418788369687,995.4681674578534,-19.995300242831604,-5.335064359787112,-11.666950086529825,9.157984550201682,-5.3096611557033935,-0.3506091098543287,-2.900189473270223,-19.999977524321775,-19.94082972121933,-19.75391551255707,-3.49639815224777,-19.560381315539452,-19.855389398588002,-13.300183061489502,6.634102598470949,-4.586473921369255,-1.198501280918913,-2.906933455670888,9.71285016560007,-11.958087428697894,-0.4769623197906811,-0.09519868017460159,0.9045618367242445,0.9484574351789181,0.9000124662740531,0.9018010869885776,0.9268627073087747,0.9000159717290049,0.9002943519958535,0.9011030637882637,0.9985820065012564,0.948524649367166,0.9900460206294343,1.056047191344587,1.0618219617260913,1.0950798371721797,-0.593959729883537,-0.6223561818310404,0.48171998012342004,0.9011552014239921,-1.073783118546212
70,0.8109414642801757,463.9004644824163,-19.99977943041867,-6.344335089011306,-13.60016264690723,-9.995798816797068,-0.03132642493974598,-9.99081025447777,-0.6421799705180327,-19.51291601648943,-19.570624492702,-3.885127319010156,-1.4196719451906732,-19.952175677662257,-15.177572309954819,-14.134104487901933,5.688483127291192,-12.46367245158228,-1.138903444756408,-2.5403295855247996,9.652501323955928,-12.24306778007375,-0.40971328778328353,-0.052800008431393736,0.9077555123294492,0.9246711082748326,0.9000540422644147,0.9000276573132285,0.9157942994079844,0.9001332384903185,0.9018809224158894,0.9000206030086144,1.0012490233259101,0.9510625231865361,0.9191604152287778,1.0143473216762626,1.061745836207654,1.0984377538058683,-0.6610926970593125,-0.6070039062960956,0.433665610634795,0.823295063921487,-1.0782783049240388
71,0.8287071572246018,988.675605511966,-19.999957281517997,-6.260682010659577,-11.977961411355626,6.27113057657038,-0.13257819275850835,-0.051652472047599374,-4.048940280753694,-19.964669880171485,-19.972830510315223,-19.273972518811085,-2.9206601667409977,-19.96976977854867,-19.878978502062548,-13.08014036328723,6.655304621799847,-4.931982554402347,-1.6987814492862616,-2.1197565581854025,9.162166938381041,-10.983695331543018,-0.3950335548885757,-0.09807807211508802,0.9000606905218446,0.9206355908914444,0.9000502596775284,0.9005073869510903,0.9269831375455011,0.900007132914222,0.9002961481566346,0.9004792385157262,0.9984305581430474,0.9266553472084971,0.9054630595392282,1.098863171940739,1.0616390517075918,1.0973237744055044,-0.6103141948678081,-0.6182085377553993,0.46973457995640033,0.8828203479293804,-1.0733395985446892
72,0.8194324035700529,998.4088459973144,-19.99983948144491,-6.067525072664115,-13.557415166702688,-9.995901260118721,-0.026556344823397155,-9.942124202079563,-1.0390428890571453,-19.520244716301832,-19.90921816733975,-18.982099744061994,-1.6257898448960393,-19.952164196089488,-15.905301964701199,-13.780786027450082,5.505862228026998,-11.551183870979912,-1.0119158192497357,-0.5717843568604746,9.127329233881985,-13.895790292494983,-0.35218718579734437,-0.1196782144752503,0.9017104274496098,0.9453966377006998,0.9000364978485104,0.9002292665461346,0.9155483626288554,0.9000160447357782,0.902230490674042,0.9028895718519996,0.9927253104766942,0.9231423050241748,0.933987205728096,1.0993234616339649,1.0617118904610006,1.074253078187002,-0.65900852067542,-0.6126624335589514,0.43581761571645045,0.825822689801353,-1.0792577441564093
73,0.8109414642801757,463.9004644824163,-19.99977943041867,-6.344335089011306,-13.60016264690723,-9.995798816797068,-0.03132642493974598,-9.99081025447777,-0.5093214422343357,-19.51291601648943,-19.58622581091359,-3.885127319010156,-1.4196719451906732,-19.952185295535212,-15.177572309954819,-11.57592704246978,5.688483127291192,-12.463959738103847,-1.138903444756408,-2.5403295855247996,9.684299605689072,-13.930145845730548,-0.40971328778328353,-0.052800008431393736,0.9000823439509006,0.9246711082748326,0.9000540422644147,0.9000276573132285,0.9157942994079844,0.9001336220057411,0.9018809224158894,0.9000206030086144,1.0012490233259101,0.9510625231865361,0.9191604152287778,1.0179060528663972,1.061745836207654,1.0984377538058683,-0.6614222142692167,-0.6064746416091309,0.4336903480363941,0.8228947246603543,-1.0780616484613978
74,0.8109520523531422,977.1294483048616,-19.99992232195909,-6.275649467027712,-13.747982420340174,-9.991334220024347,-1.6438731391620058,-9.999440072150753,-5.199558203732994,-19.905050245058664,-19.53178729580642,-19.795204221621095,-1.17715955293857,-19.95232964674178,-15.215647211682986,-13.999758626892948,5.686493972299427,-10.802546635893474,-0.10612445417630817,-1.7819440914175475,9.708747731281541,-12.118093801445887,-0.04944250376083567,-0.026435280700277893,0.9008936839616101,0.945634916808665,0.9000130945266336,0.9000276522008739,0.9302919080459037,0.9001030702713406,0.9008272165188133,0.9027602987444647,0.9987596415673778,0.9057050774510533,0.9228207868922987,1.0994428085118142,1.086546174645404,1.098426614137629,-0.6584162933177187,-0.6122605839323301,0.4336371343329313,0.8265395148627112,-1.0796334805367038
75,0.8471782657036587,990.7873292090586,-19.99367297893541,-5.744174342285131,-11.626846512629813,9.836378503991991,-1.423130782911489,-0.18647177547850813,-4.085532476248228,-19.989011016932263,-19.876217440967302,-19.811945072693753,-3.4924090947330746,-19.504826057554187,-19.983461825151473,-14.869033566172394,6.655555166482856,-5.146390481670188,-0.9736978860538787,-2.0845309033382926,9.822189220241443,-11.811656730241863,-0.13962930257456524,-0.049903927776212886,0.9004494963418148,0.9510440832366341,0.9000193959294899,0.9004992039534483,0.9330143175295458,0.9000694798289871,0.9006466061220308,0.9030693495134477,1.0022641935157641,0.9623171789835838,0.9225557560108858,1.0590597764256748,1.0614485469211092,1.0893319962969232,-0.5931236844050031,-0.6227745614516227,0.4819617245978644,0.9020824729603827,-1.073699225525366
76,0.845289819951415,988.6312825150248,-19.999618909027873,-5.539833359732751,-11.548994687814995,7.522663685576424,-5.645427431504154,-0.2645777190505277,-3.949289415017673,-19.99201542537643,-19.942110379485182,-19.206672074526406,-3.6381949679542984,-19.928329822564432,-19.85302600193201,-13.232304471497999,6.657148740280781,-4.570572762736193,-1.2625916042639598,-1.3854610704400698,9.86946911303174,-10.649057602062252,-0.04087979656767518,-0.10204810163694998,0.900187829425588,0.9455808731604926,0.9000964643429145,0.9004713209422694,0.9694773091635402,0.911914305694343,0.9000028320731318,0.9006188446181537,0.9985772206367882,0.9500344143811345,0.9524529994902111,1.099492105467475,1.095525454936553,1.0987471683159025,-0.5994500015589295,-0.6218560101485219,0.47827700690924985,0.8950419842600341,-1.0732988575393996
77,0.7996900141716485,439.415254507788,-19.999206807166562,-6.087036161951926,-13.597780375991233,-9.995898730368733,-0.096721643648697,-9.960960859268932,-2.0760728441861516,-4.925128991200824,-17.646361411492872,-2.0327669696474473,-1.145035596450125,-19.932463540285035,-14.963133910411091,-14.131400023108096,5.512411855295238,-11.346541011058367,-1.8870151156454489,-0.8809101256382544,9.131788204792118,-12.164359680379222,-0.033917512638261156,-0.06656823834454621,0.9008493665394819,0.948516761406152,0.9000809379462417,0.9001779977284541,0.9228531983482292,0.900009207223288,0.900886274052892,0.9006634230883453,0.9997750887644035,0.9073839459966967,0.9332522194361442,1.0994968598437957,1.0683806693047122,1.0972074402821503,-0.6598641975304818,-0.5997763867087142,0.4299634576178147,0.8247858881382216,-1.0769651188315041
78,0.819472272766151,999.9570087147548,-19.999705372490826,-5.7121270162864635,-13.302700060708766,7.457779227814029,-0.0937535613085334,-0.4443687688145186,-1.8423024960065102,-19.950039418405506,-19.972759021551507,-19.78540438998351,-1.626017592116158,-19.67024202264239,-19.57866761401787,-11.725721536952832,5.530364510700155,-10.697186289087032,-1.1487770948067275,-0.8340858146829805,9.858746017279707,-11.223009016016409,-1.0541247472269628,-0.03438314502717793,0.9029400014857193,0.9450590124554479,0.9000350546449989,0.9001290907737292,0.9308928902257693,0.9001154503145227,0.9021703572359918,0.9030946705225924,0.9972021644476379,0.9307862575295776,0.95371992112077,1.0980703614093463,1.0847168814421557,1.073023906173054,-0.603871830231311,-0.6183604551967156,0.47032650935557774,0.8900879147394501,-1.0737996059803077
79,0.8109471104272157,998.3998050723652,-19.99968788441391,-6.279223385260008,-13.62545092748772,-9.99756263776063,-0.030116095474252234,-9.911966328463722,-1.5267973846505478,-19.905230399534712,-16.434904084660946,-19.912675520047074,-1.178461808852821,-19.986163097868733,-15.233372157061236,-14.159646430482752,5.66988708628866,-11.173396040590626,-0.9970575226700257,-1.761368517440596,9.832961526587427,-12.504073069799233,-1.095805481527199,-0.09021631826251392,0.9007367672357354,0.9449784975769452,0.9000231673752588,0.9004376397984107,0.9157159897754158,0.9000193124110629,0.9019117544616102,0.9121445852922823,0.9987262323455854,0.9091656430308377,0.9224845793746285,1.0996462882138065,1.061333336957304,1.0976511993416003,-0.6598969409625974,-0.6104876956293439,0.4330298862653643,0.8247461878612394,-1.0790802960347554
80,0.8459014024394325,995.461288057308,-19.992875702705863,-5.597700911045875,-11.630571174976517,7.61451943911872,-0.3573051220459418,-0.2663512443783077,-5.221976931221398,-19.997516267607732,-19.896652145786017,-17.97255345199114,-3.6446675990996034,-19.953363088460478,-19.976269651107042,-13.21161053371987,6.656799816450904,-4.579514038449393,-1.0108200857177394,-1.5258236645290018,9.870135086831587,-10.537000480794058,-0.3759370787077372,-1.8039456475842854,0.9003299611576595,0.9478574782599848,0.9000185403323157,0.9037625864778747,0.95005760440675,0.9000875651808985,0.9029843766717639,0.9004909516087252,0.9985171368982356,0.9255722728769461,0.952454529021704,1.0590095821689987,1.06181493546273,1.09876537320471,-0.6023635668687548,-0.6215201634460555,0.47788977104654257,0.8917808155649085,-1.072595570698837
81,0.845047160158574,987.0394738913812,-19.99351444017819,-5.623186609605679,-11.578262141037353,4.111122883438414,-8.262515151192746,-0.26640012073372327,-4.312114344717023,-19.99089014800829,-19.96918831871252,-19.238888319944994,-3.6720941212200775,-19.821143258310002,-19.853298773001242,-11.499652337650833,6.632539164280664,-4.5876358605322345,-1.2395909566314505,-2.110519519039372,9.845960315853597,-10.649057602062252,-3.2850563606387313,-0.049474336052865595,0.9000608025221453,0.9455374888669652,0.9000105635899303,0.9017630300500684,0.9504028522697717,0.9013873056287297,0.9000386316009843,0.9010930847247142,1.0021995307878604,0.9457801737287029,0.9491214255796568,1.0985350466668844,1.0571202567360771,1.0996857371081312,-0.6129643601266315,-0.6188125148549883,0.47390109304331296,0.8798132963160123,-1.0722466249336797
82,0.8335269398843711,995.8732656285364,-19.99335585693235,-5.639439892891429,-12.072297308822492,7.408049365854213,-7.700149360411059,-0.641466823453305,-3.915468771514268,-19.999376806123877,-19.940850276473242,-19.231213414853816,-3.402278010331984,-19.960996435567793,-19.86734544185193,-13.942917135977856,6.593584413673019,-5.083080880588144,-1.2601521348399098,-2.1111959758962304,9.337306806248195,-10.620273126111886,-1.04452333402118,-0.10301930451580565,0.9011751077773602,0.9444694071430034,0.9001414778941076,0.9012430722772617,0.9234647245778184,0.9000241774710999,0.9009724271739811,0.9013991271484306,0.9971066641478539,0.9360856369791122,0.9262275145224537,1.0544604408162477,1.0626921697690739,1.0996727715484782,-0.6003658986432645,-0.6211056218338551,0.47582826954979657,0.8940180978847302,-1.0741729532779125
83,0.828473508736455,989.2459940763742,-19.999089097635867,-5.629151045109393,-11.97709162662814,6.42357491248152,-0.0919665627116002,-0.13603500379612427,-4.253932744472517,-19.964669880171485,-19.97264353073874,-19.273972518811085,-2.9248372943097958,-19.96300993727436,-19.878978502062548,-14.23328493382739,6.6537978475235615,-4.931982554402347,-1.704975045746617,-2.1197565581854025,9.162166938381041,-10.754578724650669,-0.37877480046409717,-0.10592408886759261,0.9000637252188536,0.9231819007681108,0.9000516155585891,0.9007519910627937,0.9256924333489404,0.9000032783288688,0.9002375587261238,0.9006473934730385,0.9984305581430474,0.9266498127963299,0.9514178142761255,1.0988631543389529,1.0616442982449448,1.0973237744055044,-0.609884820193381,-0.6183247384290231,0.4693840826453593,0.883306581007112,-1.0734474454705147
84,0.8384408780093966,979.1725493265474,-19.993651198358528,-5.698511843599406,-11.96197753049151,4.460317506787637,-4.306457931148453,-0.11327026397085532,-3.9871860542848667,-19.999397992145834,-19.943349106256726,-18.42632444628219,-3.59795974420084,-19.953949760114803,-19.879316545543276,-8.983240430936148,6.644737152029931,-4.938016454504792,-0.15513523283158426,-2.1105463615960267,9.874603980716056,-11.657194157968716,-0.4627946689307279,-0.10612866062699407,0.9000212423296958,0.9481360356176433,0.9001451732120203,0.9004605182363586,0.9524987624991399,0.9000188274168177,0.9008279051248216,0.9006915251125024,1.0055581681044459,0.9311306351649081,0.994773717162893,1.0985534904358205,1.0499378322509172,1.0998957611278788,-0.614875886191351,-0.6171680581626151,0.4710816090005277,0.8776379573256445,-1.0723709553138632
85,0.8105896210064426,998.5562092975086,-19.999869176640267,-6.341654495739117,-13.748063318712166,-9.99577990666532,-0.029124515810671124,-9.997303188701531,-3.16449645187036,-5.3788107766458175,-19.80632071673203,-19.795204221621095,-1.6173264806516787,-19.953407144516408,-19.9697280462753,-14.372094662254726,5.541416788719507,-11.441343817644906,-1.0185538628037012,-1.4572709012630232,9.833914113023052,-13.433768587167428,-0.4174018415875479,-1.8181262332464383,0.9006011714170382,0.945764407983897,0.9000196852493223,0.9004374881557586,0.9296804181416362,0.9000164375231051,0.9000266113528973,0.9007086872112384,0.997387579087931,0.9078848205124321,0.934996495201704,1.0986351360635647,1.0864449516696915,1.0985221309377393,-0.6606412972147085,-0.6071545492997734,0.43312823869747247,0.8238431658330787,-1.0782244131252348
86,0.845047160158574,994.9617964330479,-19.999675353971305,-6.304316686597206,-11.530418477441854,7.453354534730279,-8.608565284620429,-0.26640012073372327,-6.088848394445608,-19.993553877003045,-19.972941276570005,-18.590345907677435,-3.3866073767512157,-19.947998727355355,-19.83315025048615,-13.310683368983494,6.654629370012412,-4.570572762736193,-1.2526570471195961,-2.1085735732102657,9.854124351668409,-10.572065996313189,-1.0372217968438948,-0.04970260105355215,0.9011488384331575,0.9455374888669652,0.903461870797499,0.9010173824068677,0.9503464749555535,0.9000201186027262,0.9003375403712913,0.900138622883502,0.9979467350620158,0.9473366029949621,0.9335355229484016,1.098030142635478,1.0920467013270412,1.0981591137924935,-0.5984497816630595,-0.6215532346926743,0.4794040129369215,0.8961587992302946,-1.073632355117536
87,0.8042967070139568,445.20319925377726,-19.99960997660155,-6.104571155163316,-13.645378094039938,-9.995867179201314,-0.49410982441025736,-9.044912020035643,-0.3309635020926197,-4.986723879339977,-16.39217771225045,-4.266145828506696,-1.418023323467309,-19.95395170448695,-16.545068888349984,-11.715805413628111,5.687159525998215,-10.907099881072885,-1.126884723858285,-0.8863371461592118,9.829274110641636,-14.396677688737086,-1.0617068990358547,-0.10081388623055905,0.9008459953693392,0.9237848033825129,0.900482150662958,0.9056500511259532,0.9229809430471645,0.9001296636775712,0.9019082972113258,0.9015211229820925,0.9970042299449793,0.9091732181910459,0.9330711780260124,1.0988555946868859,1.0612058692720656,1.0971070047745706,-0.6613701491025548,-0.6005643389627533,0.43138707945438154,0.8229579929354507,-1.0768595886601653
88,0.8401426440393666,979.262243992637,-19.9938013129026,-5.698511843599406,-11.651618393887784,4.460317506787637,-5.593443230994544,-0.11327026397085532,-3.377402585564511,-19.999397992145834,-19.91294545737858,-18.574050788110583,-3.59795974420084,-19.953949760114803,-19.86045895331032,-8.983240430936148,6.644737152029931,-4.938016454504792,-0.15513523283158426,-2.1105463615960267,9.851767683732225,-11.646293187286526,-1.0371284448454514,-0.08883724842658407,0.9000212423296958,0.9481360356176433,0.9001451732120203,0.9004866477689053,0.927522491173606,0.9000188274168177,0.9007827302951492,0.9009849740435497,1.0055581681044459,0.9309794078978434,0.994773717162893,1.0985534904358205,1.0499378322509172,1.0945976344603263,-0.6143756633197341,-0.6174312745363415,0.47161392617582876,0.8782077373325837,-1.072379041514376
89,0.8114333913829764,995.2356056774169,-19.999871815592577,-6.051484159977565,-13.747249409401583,-9.997541550848423,-0.031781278662605654,-9.917173529046268,-3.8838078863382,-19.668749744647343,-19.844449236554663,-16.904223148363293,-1.6259787013439118,-19.966916817557692,-13.263243262180769,-13.779375966872607,5.7323721478699845,-11.439579743211779,-1.134610236003299,-0.5113586713011291,9.838796243491903,-10.670027653085226,-1.067401906594214,-0.023518847373907442,0.9033302547809988,0.9457754634646038,0.9000348613707941,0.9002451977325743,0.929409186361592,0.9000038558421221,0.9001160136594527,0.9012703352785632,0.9988867667220617,0.9133040561673309,0.9510070584449066,1.0986083781732876,1.061584970108597,1.0984399989103688,-0.6595300186747973,-0.6110641247850811,0.43298489094690124,0.8251909590742323,-1.0794427466392742
90,0.8299549814104963,996.3102079670164,-19.999651329301255,-5.62520395006878,-11.928606369804962,6.14319513986076,-0.01768690342324411,-0.13345445947023096,-3.950449785255855,-19.98670757992137,-19.927603886411497,-19.574174797760936,-2.9403018639665803,-19.98057380374068,-19.972378041825458,-13.916554017167703,6.654194911260972,-5.152180045072714,-1.0358058919538358,-2.2382013281601942,9.300340356928013,-10.730422077336987,-0.4187869713284705,-1.6520156966156665,0.900066884678419,0.922503175624244,0.9011587883464339,0.9003166651489445,0.9382682898573634,0.9000166279457715,0.9000588846325087,0.9007176341740984,0.99853678432557,0.9408492350906423,0.922432147485411,1.0981701623920057,1.0864818747692402,1.0985915712636287,-0.611438604015731,-0.6177982335567849,0.4690909387212165,0.8815457721597684,-1.0732669620812232
91,0.8108252291938773,501.342162435918,-19.999911547075747,-6.290725450276435,-13.559015387401182,-9.999010626785141,-0.03171177292520993,-9.944865144777072,-3.2074890632945365,-4.704653882073773,-16.39144446487256,-3.9288904113944105,-1.603719080073943,-19.267861435157744,-14.963133910411091,-14.375272707331371,5.676089184195759,-11.54560736808311,-1.0104893923550715,-0.5261483700621896,9.713908498759375,-12.121665853858458,-0.033917512638261156,-0.06710037887537938,0.9006635169980788,0.945304894759993,0.9000763639742468,0.90002454260047,0.9286380221042176,0.9000742639832447,0.9018221190682948,0.9005895008937583,0.9973863269676255,0.9091430256317545,0.9338969861581821,1.0995139587106453,1.0685894151251494,1.0964677145568005,-0.6620225762715454,-0.6036762252756955,0.4323301846755394,0.8221648276158573,-1.077595996923141
92,0.8471731325303933,990.7873292090586,-19.99367297893541,-5.340857882564262,-11.471418056728652,9.836378503991991,-0.765083887447386,-0.12207841284598392,-4.073767742734894,-19.989011016932263,-19.876217440967302,-19.811945072693753,-3.4924090947330746,-19.979908895244733,-19.84230693521397,-14.869033566172394,6.6559011218332875,-4.929245560894926,-1.0148042560515447,-2.0845309033382926,9.822189220241443,-10.952670812654171,-0.13962930257456524,-0.049903927776212886,0.9004494963418148,0.9353234754496271,0.9000205962126636,0.9004992039534483,0.9330143175295458,0.9000694798289871,0.9006466061220308,0.9029587409005323,1.0022641935157641,0.9623171789835838,0.9225557560108858,1.0590597764256748,1.0614485469211092,1.0893319962969232,-0.5935561688749404,-0.6228167570249352,0.4813595278106318,0.9016029165148978,-1.0736708426369446
93,0.8090211057765626,987.7635980193146,-19.999770723587492,-6.293964210846932,-13.558075730395094,-9.999087663186067,-0.05941604404313797,-9.985390155439127,0.879706433728871,-4.308035561700307,-15.9862798764417,-3.9932117518973795,-1.1497853453782076,-19.96535776306357,-13.558287710620652,-14.151654604042458,5.693311321365813,-11.571681384398637,-1.1312720438213286,-0.48865062276711013,9.863240698761174,-13.137871668859582,-0.4029495203599961,-0.1161817981382735,0.9006635006453546,0.946400756038945,0.9004721657252808,0.9000170520850209,0.915306340788295,0.9001014198735422,0.9019117544616102,0.9000508639050556,1.0048999374950183,0.9073021469410084,0.919830513579512,1.0995425519227244,1.061398138042081,1.0985169060306506,-0.6617198675631891,-0.6039669733032254,0.43221486608709786,0.8225329301543769,-1.0775626311205426
94,0.828473508736455,988.4228636129284,-19.995156915560052,-5.632249824266001,-11.944312753058515,7.246650054352157,-4.907512377812226,-0.13603500379612427,-4.254337805794777,-19.96244566737824,-19.974786296820497,-19.214754567201876,-2.9248372943097958,-19.963490456641395,-19.878988029205697,-13.090414100999457,6.654024300252293,-4.542425675059829,-2.143197128528181,-3.058738577908652,9.198309736349715,-10.754578724650669,-0.3854715707402441,-0.27827605303257014,0.9000637278544596,0.9388804933200282,0.900049081106838,0.9005125053498386,0.9504461499711517,0.9000055392815379,0.9002375587261238,0.9006600614814604,0.9984363403384181,0.9404342513801381,0.9925020762602554,1.0988448060830305,1.0618214632311507,1.0972710037289446,-0.602502303383145,-0.6201009500644902,0.47230626936648573,0.8916252294132778,-1.0741267442172904
95,0.8105896210064426,998.7534211162591,-19.999584103355755,-6.3433600691159775,-13.556667798263794,-9.997541550848423,-0.03177516633429284,-9.920334481033077,-3.8917420655466177,-19.671732317487155,-15.83386912415195,-16.904223148363293,-1.61950587401755,-19.964792866173077,-13.553831722002164,-13.923899255866885,5.687965986096269,-11.45689462338159,-1.6678342285043322,-2.0273974917783226,9.862257580626551,-10.670027653085226,-1.067401906594214,-0.10290803364039994,0.9033302547809988,0.945757853787794,0.9000174517492888,0.9055838011993288,0.929409186361592,0.9000038558421221,0.9018885658027466,0.9000245213575548,0.9988528665343329,0.9132005559633551,0.9510070584449066,1.093160882007647,1.0864449516696915,1.0984403694503488,-0.659809537617599,-0.6100420299591814,0.43275158727498725,0.8248521570857085,-1.0791665987729788
96,0.810490421118054,463.9004644824163,-19.99977943041867,-5.7110561108013105,-13.60016264690723,-9.998169891845507,-0.03132642493974598,-9.986938482249494,-0.5092238180400883,-1.0856065663393366,-19.97333110401905,-3.885127319010156,-1.6779249238838354,-19.952817735742777,-14.58538414970176,-11.71970370671851,5.665171269136729,-12.470920875175217,-0.0820199971443425,-0.6947019586332114,9.678524658367133,-14.122453887326389,-0.3956985074847849,-0.504110198576866,0.9029649083389539,0.9452151662406665,0.9000540422644147,0.9000254579839666,0.9254444497119308,0.9001152630368836,0.9022463776561211,0.9028833025625744,1.001105054736996,0.9310703174602193,0.9566375822281491,1.0990682331929786,1.062031696770181,1.0951862466334021,-0.6625022629046913,-0.6015488533332436,0.4320346120274214,0.8215811770935051,-1.076916909153036
97,0.8445363005110887,964.6806045195214,-19.99959020421408,-5.602808233479757,-11.848664300713086,-9.996145078730885,-0.229355750247461,-9.967356223569704,-5.221255823320554,-19.999183481356265,-19.96543186378364,-19.864171136248586,-3.3711858673140362,-19.969423297093698,-19.84798182972188,-14.756664347267542,6.654623343514551,-4.876048671573618,-1.5738235363308701,-1.4995476793151306,9.736077794311981,-12.243478011602996,-0.3622157182546205,-0.04696030110610272,0.9011773495463804,0.9272873103280027,0.9000350571643257,0.9006574630943659,0.931401635538346,0.9000255742409689,0.914404052905391,0.9208322722879745,1.0031193672760657,0.9496724940294681,0.9503401980221854,1.0988621249134072,1.0640301363493518,1.0738768368247464,-0.6505710361895508,-0.6163540213485429,0.44600735216118226,0.8359773227623575,-1.0775004809509898
98,0.8018750057040447,936.9471715467303,-19.999218214763268,-6.341654495739117,-13.54520278711117,-9.997808938827083,-0.03217694088476072,-9.918113889083807,-3.926081788556911,-19.992297856747637,-19.79404823508014,-19.682589008622838,-1.17360442852394,-19.946431531340544,-15.599775758483,-14.167078492451504,5.761410394460697,-11.440725548338978,-1.0104656066007898,-1.4602300729497788,9.340993730657134,-13.4347186402721,-0.05657216315020763,-0.02206217809347181,0.9032501110052498,0.9453212616339141,0.9000880640261045,0.9003209423009224,0.9270147487513468,0.9000164060088817,0.9002600447083883,0.9029118637996809,0.988140026036178,0.907740710611638,0.9501239190014782,1.099687714232186,1.0687270642152298,1.098704119027869,-0.6577447304353448,-0.606783513028182,0.4318696768788164,0.8273516153727662,-1.0786083867518017
99,0.8460095488177969,978.8783018186971,-19.998971084042815,-5.603399354997655,-11.64382212318481,7.369712935352669,-0.028434152385863377,-0.26820365724597095,-5.08749204557613,-19.991741881033015,-19.584254273321672,-19.762691797900235,-3.6916186639690216,-19.952817672500867,-19.852615804451194,-14.609060817801522,6.664887331223369,-4.5382173196147075,-0.9913750011261486,-0.9429264614003962,9.315217520797148,-10.482451947874916,-0.5127385119851059,-0.06359863338790317,0.9000398498965915,0.9481698484207248,0.9000257897231372,0.9004130937920671,0.9220732713852066,0.9001079076225436,0.9007586177147281,0.9027217013416933,1.0022760510518278,0.9547969522334869,0.9239639808051172,1.0513266884010395,1.0625169520716018,1.0977355684557721,-0.6032241889649815,-0.6214088403273139,0.477594132277629,0.8908152326861775,-1.0723995224712153
